uuid,latitude,longitude
9e085556-7c76-432e-809d-fdc8c8729834,-36.7807,-78.2762
a5c94f90-24c9-43e5-a93e-14845d3df781,43.9916,-41.0059
0acf2549-888f-405b-a72c-0bd4a87217fa,65.5618,-104.4985
ee58b1e7-18a2-48de-9ed9-c9ddfec803f7,-35.5754,15.6827
46644a74-237d-4462-889f-84d563c854cb,-28.3246,-4.1506
36047c5f-cd38-413d-889c-62299fd8ce6c,-79.6766,-72.0974
8471593c-be32-440a-b1b9-c05d44f43523,47.7232,-62.8648
0ca1c342-e2ce-49c8-83e7-b889d1d406c4,42.5718,158.9126
b735a002-86b7-471b-bbc3-dce0b0271d0f,40.1309,-20.5859
9183c96b-38ee-43de-8187-8d10cf7c3194,-19.7473,42.363
e6670677-94be-49be-9815-00302e2a0298,-60.2114,110.6179
e11f68e4-ef5e-463f-a0ae-f1c5961d3aaf,-58.9804,-97.9492
9a57f64c-8b44-4e01-b9e2-2913a390aa29,-50.1865,-133.9528
06601044-7c21-475e-8440-3bdf2626d1b9,2.4136,85.4133
10d554fd-6471-4820-9fba-2bac9140e601,5.6446,157.0017
d542a185-3fa3-4496-b669-777f17a98f4e,-35.4937,124.3642
71efcb95-4861-4fd2-b4d0-0105666ea791,89.4571,123.6373
ee64829d-c970-4a86-a8cd-a825553cce81,-42.9442,111.5225
001e2961-92ae-4964-8711-5d7c69843a2e,1.3559,11.5491
1fb402a3-1d27-4abf-bbc7-ae65f8f4bfba,56.4948,98.4126
8925226e-fb8f-426b-a909-bb74d51a1fb6,11.3905,-36.1179
0562150f-ae02-4a3f-b8f2-6caab232fcba,-22.2219,57.9848
d1814671-8544-482d-8ced-2b17d902eddc,-21.7499,-178.0054
805aff76-b989-46f5-a852-3b14ad7ed42d,-18.4802,27.7835
dcb852d3-ec00-4bf3-8ae0-48b190dabd55,-13.1745,-84.0972
d6355ff1-a2e7-4d96-9b83-4dde91b43460,14.8739,-19.036
e25f1b47-685f-4bcf-bc4b-f38e1a84de5d,-28.6468,177.4691
cba73507-dbec-41ef-9f26-a223ccedfa84,39.6111,140.352
4a40c364-c85a-4e72-a9ae-f8281ead317a,-41.1385,-43.6847
059ea816-ad2f-4f40-b57e-ff35d0114df6,-28.5326,-43.7724
46b8781c-358d-460c-8197-41f6ee6261c8,-71.8851,120.1773
34404066-f915-4c48-a475-4dbaa198b2dc,79.3618,-134.5227
23952a7d-1922-447e-a0cb-111e7126b9d0,20.4537,18.2774
8a3ec85a-a491-42d8-bf88-64cb61556f58,54.3201,-44.2853
358e51b4-9589-4831-923a-ea3d03194315,-29.4586,-8.6961
c8eee2ca-6f73-40b9-8a77-8795ceae489a,-54.0899,178.6544
60f89401-28f6-46b3-999b-7d542fe4ea51,-59.463,129.2182
90c5cf27-f0f1-4b9e-be80-441743fd812a,-73.1915,163.3465
ddc5293c-fc59-4d27-89f3-ba1e8bc3b7fb,67.2406,113.8318
7acc5fa7-2590-442a-8628-0bc066ac2d53,-34.9808,52.6114
96057625-4fce-4e87-9874-10c2be33648e,-46.9386,-95.1983
e51262ab-c924-480f-9573-dddcc972089b,80.7384,147.7471
c5c6a0b6-9e7f-4a70-ad9c-15780d1844c1,45.044,144.5219
827df88e-7649-45a2-af4a-17e41830bda3,35.8938,-14.8553
129dab64-9878-44b2-8f12-1ca8aac3edfe,4.2073,123.7448
5d66c19d-6346-4d93-9eda-a2c928cfec1f,10.7474,90.7247
842ed121-fcc0-4c1f-b91b-7f48832942e5,-44.3818,120.3995
e381919f-11f6-4ae2-b043-5b622757c1d4,-33.8064,8.2493
79de1aed-a74c-41f3-81b1-ab80a53188f6,-8.5619,-86.2873
3277df06-4d50-4d32-83f5-45c0aa526e6c,-36.941,-165.9056
6596e7a5-a94e-4b6b-9650-c3d7d730de4e,49.8134,-45.4426
10d03242-f110-48bd-a989-197e9563c6d7,9.7525,109.3083
830233e2-4af5-4fdb-9ef8-fbe25ae8ba96,27.0018,-116.642
92bf512d-ff06-4405-a5c2-3de5f89cb1a0,56.8666,-123.9841
d10ab5bc-e178-46bf-9d76-6e24e0141232,-34.0337,-176.8956
e46ca226-aa89-4790-a196-75f1783d1ab0,-36.5843,-172.4036
844336f1-659d-4067-a474-26b44c6cca38,17.509,111.5694
e5bbedb9-2c29-4b03-a4a1-d16babc7e1c9,67.9405,-162.0138
dfedf468-9561-421b-9ff1-ff73b3f11840,-55.3365,24.4613
c640653a-9168-4640-af3a-63cdcb822aa0,-89.3882,128.3921
85e6dff2-b6ee-49d7-9c8a-a22ff10da522,-26.139,93.6875
2a035a67-7830-4209-b589-ee184cd8dbf3,60.1584,55.7872
bf2ae67d-e052-42a0-8239-2bb45b8e0484,37.2943,85.9532
ed20bc3b-df2b-4ca7-be7c-6562fffacd09,-49.7949,-38.2931
8babfa24-9425-4e38-91b7-312eb2473813,-12.5072,121.9645
73847547-975c-4e6b-b93d-ab6288e1cbb4,-80.2837,-49.1863
0a52540e-b2c7-4585-ab51-f7e2a638eda7,-76.1042,-12.8941
f1a3005c-57a0-4d89-b21c-f85a8c5f8a13,72.0325,-29.2125
c36ebe09-7b06-4276-a8a2-70ed2f205782,-22.0828,-106.9757
525362fa-59c1-4526-836e-dc13da7514eb,-27.7036,-66.9704
1feb4c64-c40f-410c-8967-71ea43b4e4ed,47.9252,-165.7638
2f3a8744-bbf3-44d6-8492-d514ff144135,86.7707,-79.9561
b7216842-0aed-4d18-b121-2b3e0244ee36,-8.6361,-105.2873
bd0f530f-de54-4d28-b0f4-a1eaa06033e0,36.3727,126.2564
101bc65f-0a0d-4bce-9f2a-e16786c0aa33,-83.5225,103.7895
dea001e4-e0d3-4560-a843-8530ca699287,25.2031,-76.2585
d27be96a-a39c-47c2-8df7-64866d9d84b3,20.168,132.4957
7eddfeca-e2c4-40bc-b879-e0ca278aa8a3,-70.9592,-128.0065
3a11e54d-4dfe-4ded-a02f-439ad875959d,64.635,-58.2651
76d46e45-d976-44f3-a56a-872fcdbc8350,64.7994,2.9055
6501f1a7-42a3-4fab-9da1-7e26d680439b,28.8726,-84.9506
e28052e9-4b41-4695-8f8b-fa7216baf83c,40.0821,-155.8667
8c0346e7-e3f4-4846-b6db-2781fc95d860,-62.3416,14.0751
5b2babc9-db53-4a51-ba56-3babda23381b,64.8228,109.4974
336cada3-e614-4435-8926-cc9de62603eb,49.8314,-157.3238
9cd5c1d0-12fc-4535-8cd1-ff8363adbf35,51.3434,120.8072
48e67a6a-146f-44a4-acc6-c07bb606bec1,74.626,53.4916
2797ae5f-0127-4343-a17f-71cfaa1b3902,-20.6679,56.2837
b4e03627-4593-4031-a0bc-acf5c98f6faf,12.1834,-48.554
67215949-20c4-4157-9e63-952087684b3a,45.0917,173.9209
6a4743cc-2bdf-4b9b-8fca-c7825357b2ff,61.6458,30.2042
2dabb8b8-46e6-45d5-83ce-4ebe293e88f5,-39.4252,-39.9968
db9bed33-7cef-4279-a922-d068f4e244fd,86.9591,16.6709
1b616414-3f88-42e1-b5ba-456d88975d58,-15.8891,68.7422
4779e643-6d6b-47fd-a086-c6b771c0807e,80.3062,-101.0075
82e77d9f-135d-422a-b14f-8df20d32c07b,14.4151,-113.2455
c18872c8-b8f1-4e35-97b5-42395aaf586a,-43.6694,-164.7646
886d7830-49a9-49b9-a7a8-3bba20452d3b,-41.3789,-99.9412
e749bace-8f1b-4438-820d-90413c6baa57,50.6325,-134.1303
38556283-bf03-4f0d-9a92-a2524e760576,-44.4852,-44.4607
9a80ffc2-f9a7-4d5c-bc13-7810ac820339,40.0118,28.6588
b3840ba5-bd38-4557-a115-67f6bcc4e528,2.0384,-45.5666
0bf6de11-92dd-49bd-87cd-c116f959e0e2,-82.504,121.746
d1fd7baf-e311-47b1-b8c2-1968970d2ec9,5.9648,116.0738
89b67001-4332-40f2-a6d6-d1636cd3fa86,28.3511,-44.905
2e485f5b-8d14-4a55-ad4f-593375b63c9e,85.3279,50.9231
5c2083f2-ddcf-46ad-81c5-9b4b57d862f9,-84.5083,43.7269
fc3093f3-c713-4791-9cd7-81a4b8d0d422,-74.3446,87.487
8104f221-6a1b-445b-a465-80ee74c91e40,36.2596,-146.3125
b5b61b62-c98e-4bbb-8ba9-ce220377dc45,-17.6569,170.0192
2c2761fa-4c4d-494a-ae48-35b06df4fb65,27.374,72.725
b712b7ab-f7d0-433d-ba99-6cf1d6a080d9,87.9296,-46.8107
fee1d5dc-435a-40fc-bc65-09be0e5e85b5,57.5024,116.6602
b3b63655-9a36-4f8c-bfd6-6ee5da98bfe8,34.4043,-178.0563
6a496a4f-ad49-4ddf-b29c-6ec580bfc334,54.3661,-52.9537
7f0c8385-c182-427e-82eb-170b6937c682,-74.4065,70.5466
39516bf3-a75c-43e5-b97a-c30bd633282e,52.5768,80.9631
257dacaf-72d7-4c46-93f5-180bdddb66f7,-58.0303,45.6755
e89402b9-ba34-43fa-a083-f4bf5f210051,6.2231,-177.7718
9bcd8dde-81f4-49b2-8100-70475f163d39,-39.701,-147.3822
dc67dddd-b9d0-49c8-9835-aff4dc7a2afc,13.6633,171.3483
dc2740b0-dc05-4101-a025-559386597b86,-4.3895,-99.3035
9564a1aa-8d92-4a13-9bb4-378589cc5350,-5.6412,-30.6842
7e729d74-b0ea-4b3c-894e-9bfa7081b82d,6.9689,-105.9524
9dd711c2-b154-4a2f-97d7-9c6f5e032356,-73.7373,4.5271
de89817b-238c-4998-843f-faa9c8ea65bf,12.6472,153.7821
c0613200-51b5-4468-b656-0f6813a564bf,-21.2365,-57.5497
e2a1c94c-361b-41e7-a66b-229984f1e4b5,-69.7697,-88.8071
818eafde-23da-49a5-959b-70fc56f06090,49.1007,126.5787
cbde87e2-f1d9-47f0-b697-1ddc74a0ca57,53.3766,-160.6778
8b637fdd-a29f-483e-b75b-b95914faa508,51.86,139.4145
e96b8370-8ba0-444e-af06-322b77a21f67,32.1346,48.8604
ad5baca3-80cc-4a34-ba74-a6e3d37d96b6,-87.9836,35.4273
0c9e4685-69d1-4696-bfa7-d618f8af858d,64.5075,-10.4139
590b9263-d270-40fd-90ac-f72e1872027f,77.9656,35.2087
ae3c72d3-a623-4527-a39e-4c5d7e98abb6,63.6308,176.3361
7fe13d5c-4289-4cbf-8f75-a4a45647cb0e,71.1601,-152.8104
0eebeccc-bba8-462a-8317-79b2eba79426,86.877,-167.1863
a05c7866-e158-4f28-bbf4-8bfe4488f9f9,26.9252,-163.1658
b8a20193-4dca-4ddb-b9ee-0a354865987a,22.8495,-39.0727
b978314f-a57c-4e81-9d8e-e4b713182efd,20.1021,67.1173
11bd60a3-1618-44e0-afa3-2f8dcfc40f42,-0.8995,8.7752
eabd79e0-8ec9-4e38-97ed-30b79bb035b7,51.6228,21.4593
b00fda18-d4c5-4d1a-8c72-33f3e06c7568,61.3111,142.0815
a082ebba-de5e-47e7-b742-3dd938ba32fe,-20.5671,-71.7364
8ae7da45-b69c-489e-b669-69696ce8195c,-6.2708,14.8876
38069a23-9761-4110-9701-b1e0ca3be2e0,-5.315,-108.7628
746f2108-8aa4-47ec-b35f-e330dd9a0766,30.5208,37.029
968e98cc-c4b1-4a1b-92c8-a4f7d7ef5634,63.6149,-46.9192
563417dc-62b1-4c9b-91f7-d3f873371501,1.5178,-157.7848
66684097-2971-4d9b-9ce9-4b6f46721e25,-80.823,-74.0873
5568a998-4613-4324-a6b1-f971b5ed552a,-70.4481,9.8704
69dc6a88-4420-4efa-8a5f-3580154eb841,-21.3904,137.8755
84749fe7-e923-48cc-ae45-d3f6c84a85ca,-15.9071,-45.9757
612d9f51-ef83-4c49-88b3-365251313e56,-2.0757,15.1826
ef0ab47a-ab41-49e6-91e8-20ed22fcfc76,-12.6118,-176.309
9151c78d-8ef7-4269-83a7-d9ddf1c3c1f3,-69.6346,-30.0178
9ec0988c-d582-419f-98ec-bf33caf58260,-54.0961,-97.2269
d198e7f3-3799-4136-9105-d9a9970f401c,5.721,109.9449
c93826ba-aba2-4e81-bb36-4a94a2b71667,-64.4687,-52.8831
604809f1-ef26-4e31-97de-fadde07c913a,14.3046,85.896
13d8b69e-31c2-4b93-8e19-80c120bff3d0,3.0563,109.0331
85dfc953-4d11-4afc-9112-f0319d88a7ff,39.1393,13.3287
70a45fc0-b4e5-430a-ac95-171a2720b7d6,-34.1675,89.9565
5a6db675-3a4b-4efd-83c0-360e6015cfbc,-58.442,126.5587
2ab8d917-67e5-44f5-8f98-c2ed1e3337e8,69.4921,-64.116
0b78303f-020d-4751-866d-cbcf53d55a1c,-13.7046,-15.5004
80880723-9228-4d54-8c8e-b6d4ac91a042,3.6965,85.0089
af86f783-2746-4964-8221-addceffb8c37,-43.4115,-137.4778
b4e39ecf-3467-40d1-8a4a-197bcd410275,-2.6461,4.1086
7a17aa1d-474d-4a5d-9cc2-18276aa6a530,-52.3104,-62.2794
dbb3337c-f280-4422-88f2-b322faac2d44,-82.4841,-176.9104
4804de27-37ff-4ca5-9536-afc46ebe6860,-26.4054,165.2841
867b98b6-6983-4916-8724-fcd2dd3618b0,-14.5986,13.5266
893a284d-b97c-4599-994e-7177db6b7e59,-39.9621,163.3988
3d7b84cc-295a-4087-8820-19afdf4444f0,30.0484,139.5779
d8998cd6-1181-4a32-b02b-3a8dfec79d61,-2.0874,65.2491
71318eea-9313-4979-a13a-556856de1e90,32.3521,-93.7398
0bba56be-e041-4a5c-9efe-6fc3ee982f1a,85.6196,-158.3109
080fb055-ec96-4e65-ad42-9a3bde850eb0,-33.2197,-49.1455
c3656279-9b96-42ad-8cef-bfdef5c4b17e,86.8065,-178.811
01193f2b-7ca9-4ae1-8188-569636841032,32.1075,-159.3275
754a0231-aea0-49b3-81f1-c3a3d3ef7133,-34.8448,-61.7589
976ffe33-f9dc-42c2-9230-0f600d42742d,-15.3186,-24.5319
4be102c4-62de-406d-8d21-9ca3d0305092,-66.9832,-66.4095
4f703e3a-b4b4-40d4-9826-e27c3cac200d,-67.9764,128.4353
0a274b3c-e81b-4cda-bb30-aeb292edb49b,9.9943,103.1534
1dc7b355-1a2c-4646-8717-56680b6499b6,74.1201,152.0992
97be722c-c09f-46ae-923c-a8dbc3815e6e,27.18,-116.2373
00459906-e9fc-4b4c-8500-05c0c9b55b10,-69.9706,-124.3177
bb604ee7-b013-4123-8805-aa8531a85de4,-59.4665,-19.0782
6108d6db-5992-4792-ba13-9ad37e59e914,-52.7252,-166.9753
19335fa5-5047-41a4-b001-c6625e9e89f3,89.5711,-171.3041
dd6a8b06-4576-4c9a-9d29-e12c2e048ab1,-40.3101,-121.6997
af572850-7472-411b-bf07-a23b8aa93d88,-68.1411,106.783
250ef933-9a22-431b-b54f-206ee428b1fb,-85.6208,-21.6755
715085ab-b8f1-4a3e-9ad5-e5a40b34dd32,21.1937,4.8667
466d59e4-634e-4d4b-8dd2-00c95b023502,-8.8097,50.5326
b4a2d54b-7c6f-489d-a047-4cab41a3fe24,17.469,-166.2713
f8ddef39-370b-426e-92dd-7dca77beee83,-24.3231,-68.763
02425744-6826-4193-acfb-698ef5ed9d47,57.8561,110.7489
f55d99da-70e2-4b76-8b04-c9f80dff6b52,-74.089,116.982
143622b9-0099-4733-9b74-ad4977f4fa4e,-80.0706,52.6934
456778fd-b415-489d-bc6d-bf0ab6084b60,59.4212,82.6726
910d4cc7-c6c3-43f4-9955-04ac4a31676a,-39.8278,-142.1574
cc8be84e-22ba-44ee-9cbd-d2cd69a1a70d,-79.4163,-115.1407
74a78250-3e7a-4f4c-81b0-271ad3aad894,-63.3658,-76.1281
cdddf15a-7f85-483d-869f-58d5320b010c,-54.4796,-44.747
d97ee124-cdc6-4cb7-85dc-d156b3e0575d,-71.4108,-169.1473
11f41730-cd95-4eac-bc97-430fd2d7fedf,-37.9601,-77.7594
6d166408-56fe-47be-8342-b1c808a11f5b,-34.228,167.4707
800b1f71-201a-4ee9-830c-2f0a3eb713f4,48.4597,126.74
1c9ad0e8-9b19-4617-bdaf-1c33633a8e1b,10.7658,-42.7484
b267888f-0d78-46cf-be95-78ef2edf7367,-80.0352,-60.2147
5e668866-6e80-4879-b134-9b5fcc5c26c5,-45.0777,-119.5116
2cc74b83-8504-44ad-84f1-5eed8bee9b56,-54.8785,-22.0414
fe9bcd38-dc79-4e2d-9c96-137efbf4e88e,-32.58,101.072
28f3e427-1c2e-4d75-8ced-6a4c9bc7c9c5,14.0663,-131.2447
a683b691-9eb2-47ce-ad55-4af7acd90500,-56.0233,-9.0502
4960b663-acf9-4190-b138-f8490d04c115,-34.804,158.2512
c8d6624f-5e57-43ba-8285-d46fd09af20d,-54.5796,-33.645
9aa64cc4-1ed8-496f-bf0d-1a9be07a14fb,-21.6646,-29.2925
cca00ff2-ca12-4e36-91d3-3c9e01796929,88.4124,13.7653
223052c1-b1e1-46b2-879f-0831ec77daec,-60.7201,-91.7893
e22a02e8-9e77-4afc-823f-8c9132264eea,54.2823,35.8887
08af77ca-a0dd-471b-9446-7ce30fcb912e,-67.2161,1.366
6c783015-b254-4b3b-9646-a13ca2646051,-71.0761,-5.1141
7d8f7d73-88c5-457b-8404-7fb7b3ac38e5,60.8954,-146.1565
43c5171d-1453-482a-a0d2-4b3da2b668d5,-26.2421,67.8798
8959ac8d-2f49-4a35-99ff-43fa41b6ccd6,4.5311,132.4251
4ae49f49-d84d-49d3-ab4d-cd04deaf1b8f,-84.1457,-27.9148
d4023207-c09e-4336-9bf4-7afd0592f70e,57.2194,11.9141
d04cff16-4146-4d8a-af5c-ab97b6262892,50.8071,-103.1298
b636bbea-11e9-467e-949a-46151bf46c48,88.9647,15.7518
f75458ea-faf7-4a6d-84e5-be4759a30c97,42.9902,106.425
0752d637-2913-47ac-b87b-9779dd359c4f,37.6146,-99.7373
ae75478d-93eb-4786-9013-2add43df00bc,-35.0381,-135.5313
ce0a251a-2912-46af-9e5e-0e3b00f79ebf,74.1866,-25.9341
def2fd0c-a2d8-4faa-a63c-0dd7a22475b6,62.9027,63.828
20918506-7fe4-403d-907f-f81248a48417,-85.8948,101.5744
e9c4bf80-cced-4112-9d2c-0f87e28c2a0f,65.6212,58.6557
c2a05189-ea94-4687-9025-a47cc0cc68ea,-30.3508,141.7827
b472fd56-ee8a-4177-b57c-e9f96f3d94e0,4.7868,105.0128
7045cb63-c4b9-44e5-a3a6-0f9fa71d40df,84.8919,14.4533
e046dd42-df3a-4afc-a90f-8046a829d52b,74.53,-4.3091
58a878a5-302e-48d2-b3bc-ffb0b580d7db,-5.8452,-72.7613
a48435b9-7686-49ce-afca-4f56babe4ba8,34.259,-129.2994
21c4398b-c7b0-4478-8670-32f100eea505,-84.4047,96.271
03bd3c4b-0003-41d5-820a-161a113cf90d,65.7094,-10.3549
26e6981b-f2c5-4d9c-9c05-47942556ba5b,3.936,-78.7728
8a76dd15-5dca-497d-855e-362b79fc6a6b,47.649,-114.1456
385969d5-b7f7-4428-beb5-114803ad9566,31.0556,149.3165
381ca45a-40e5-42b6-a06c-9a95257d8cf2,-2.4739,76.5342
e6f2e24d-7808-464d-9b9f-95e35f5b0e11,-59.4244,143.0108
9b1b308a-1fab-4e53-8192-ae4344c59541,49.682,82.9475
d3f94264-72e6-43c8-874f-27ea97c92493,-54.8634,66.1226
08de9851-157d-473e-b997-61cb129b6866,82.3746,166.365
aac7437f-d462-43f1-9bc2-e4eac8cb41fe,12.9145,153.2839
3ea10d35-f305-4986-8f11-993c8b2f4e73,-60.3675,-101.4777
ecc010f7-5b9c-447d-9cfd-4c6eb370fa75,-65.9217,14.4609
a1c00b15-a1b9-4946-b79c-866125332a9f,48.8357,-97.3115
d2c28a97-867f-43e7-86dc-357da2d39d62,-14.3901,11.5793
ae2a9567-8066-49fc-90a0-316920c20169,-6.6635,113.011
7e0a03e8-df18-49aa-b10e-c1f2fe122266,37.9014,-68.7819
718f6519-368d-4cc4-898e-d0420c453a4f,-4.2691,-140.839
1ab8086c-24cb-43e4-86ef-2839997c37c8,22.6114,-98.9321
5e297910-f92c-48bb-9eb5-fb6fb4e29fc6,42.4336,44.4887
211408cc-20e5-4035-9b1e-3a76f2fd0348,-42.1454,9.8933
1f8155c7-b073-404d-8d74-4cd480b6e3f4,-15.5667,127.4118
15dcf4c4-69bb-42ce-a7ae-2e2781241678,11.4532,-14.6921
ae51d13c-7184-42fe-97eb-ed3c2e26db14,72.8179,29.5502
499fc44c-fcfa-4e7d-b12e-828d11ae0742,-40.6151,-23.0642
88657ebc-7532-46fd-893e-d79d8b197643,78.1596,-57.3559
04a1ccec-83c0-4c28-b76a-2c07d2f63827,69.7202,136.814
e27e829d-23d4-4e46-9df6-626b183c473d,38.5987,-25.6734
1c3c22d7-d413-4833-8b78-4d97c231b1e8,12.7106,168.5293
2b9e88cd-55e9-4ef4-852c-8d4d30d37a67,-39.3665,22.4552
8009be0e-b37f-48c5-bb1a-9a6f026494d4,42.6085,95.8817
0c1112c0-f696-474d-857e-7e8c1dc8e9ce,52.333,-142.1048
6b0bd4d5-7294-48d7-84da-454c5220332f,49.5649,101.51
22eda906-3bc8-494f-94dc-3bfbd8b544b0,-61.5714,-174.4885
9ea15827-6a5f-462b-b0c6-af5e0459285a,26.1338,164.9146
83413f54-6b2d-4c5f-ac1c-0bd3087417c3,-32.8311,-172.0484
bd1c7f6a-9590-4cbb-86f8-f13aaf8b1d74,-24.6791,46.2145
5f3bb7eb-6e6a-4ce1-94bd-a8d1b604cc5e,-43.1939,-124.8752
44103ee1-409c-41cf-99bc-58cb529902ae,-74.3714,-125.2981
02339ce2-6000-4409-bfe7-26417bdf8477,48.9826,-86.7667
6bab6221-be36-4f17-9aa5-a9eb06781a40,88.7895,-107.6908
eeee58e6-fae3-49e3-b3df-629644a40c19,-88.2189,150.5566
82482e9d-c3a5-4b2a-8fa7-4ae8b824f648,-36.7758,-11.5944
d3570fce-a6e8-46d4-94ca-791170a925f0,-85.2044,156.4436
86461bdd-1c8f-4a3b-8794-e882fffa42c5,85.4584,42.4098
6f843b30-7270-4a25-8921-a8bca6620907,0.4242,166.4521
0f25252b-7b80-472d-b629-9b292ba69c52,-30.7637,-4.0719
203b0115-1bcb-4e93-a411-3d0dffed544f,-21.6273,162.1215
950f5a77-8628-4ff0-9ace-fc90731e1f44,-38.7355,142.4109
ff8716a7-a39b-46da-bc58-8b56fe216e24,82.1937,163.5229
7ecdda80-a81a-4b0f-8a04-185735d23af8,23.0885,-79.0026
3cd5001f-eaee-497d-9c3b-f15e6cacf684,-13.9264,-156.201
b2fbe42b-b34b-442b-ac91-b89c761f587f,53.3664,-60.7906
e4cb5aa4-d555-4688-91ed-83444f632ff7,14.1028,-67.2556
34f302f2-047c-4a3b-b546-545f3aa56386,-27.1244,127.3561
bf6c6836-3a46-4d36-ae42-e4ceb63ed294,-86.8288,-101.7276
8e7bb500-c239-4f79-9826-e041f4ea0b60,-13.2289,-52.6685
c3141342-7ebc-45f5-8050-1b4aeaed140e,-89.0611,-64.6195
d2083ddf-0278-4ed7-a13e-04bd3a069aea,-73.3548,-58.4689
4d136fbf-4da1-479e-a89a-565a5dcd12f2,-40.2614,-22.3597
59ff5b94-d180-4601-b900-0c7c77067123,-48.2484,-146.4234
7827c1c6-ddd4-4782-8923-9dcbe4d89489,25.8181,108.7606
011b9aff-a064-4e1c-b013-b71238b03a98,16.8931,-72.3489
3bf6724f-e1c0-4ec0-826a-6e7239c62dee,-70.0514,-152.5729
11414ac5-2950-4210-8050-5c98943b47cb,20.443,-49.7245
6b89eb7d-54c3-4bd1-8dd0-cffc8252d5f2,-77.5314,-36.0179
0954b9ac-fc1c-4ec0-b30b-f0d52cdd7b79,31.5432,-50.9281
7fa661da-ef0f-41d2-b9dd-5bac6df9be86,-20.9651,28.8968
613d6d7c-bdce-439b-9ab2-f01d32b602f1,-67.0998,77.0349
c62cbf0c-9d40-43be-acbd-bb45e67e3b4d,17.6269,137.0494
fc25c4e5-6041-4674-bde9-d3be5a32458e,58.5048,-10.9612
42bfcc93-9bd7-46f3-b229-2909c54d6f63,33.1792,-62.6695
95d39a31-f18c-4d6c-b920-56e1a8f37396,-36.6994,45.0323
719817e0-82c5-4d47-918d-73ded5ad5e8e,-74.9959,103.1262
abd41b8c-eb62-47db-bc6d-50f7d2eff4ad,3.0247,-24.8042
f3a8423a-c1b6-47b4-9e04-a0cdf0733a52,1.7568,-134.0422
dd723e7c-276e-4e60-ab1b-5338ca0f7e28,82.9944,-68.1108
b3113f35-e1f1-479e-bf0e-b44fa0d00361,-13.0119,111.5747
e9594260-1392-434a-afb6-2cc731e51f7b,8.5616,107.0067
fb1acb5d-6108-4dc0-a226-18f6f436d27d,-59.4994,-68.5172
506bfe29-b6b6-474b-8251-6005e3c26cfd,42.3366,-54.7508
5f0c9213-bd08-4bd2-9fe2-7b2884198e9b,22.3075,-178.0118
6259c6d2-4cfa-4340-a246-c0b55d10d04d,30.0874,160.1575
d92731b3-c746-4f79-aefa-d8405dfac930,-70.8543,-32.604
e1603e03-f29b-4bb4-9919-2cbf98807ac2,16.7592,-10.6845
61ebca0b-6036-4da2-ae6c-1def35e73b69,89.7369,-93.6954
84e630de-d2f9-435c-abf0-cc7cc3b81468,-86.9533,-134.2111
1caa9dad-8bfa-4947-81a0-abf37f51c5fa,-7.0994,103.5149
749b3383-c824-447c-a8e4-b948f980c66d,-41.434,118.8688
ecec2c00-32e6-4096-a144-efb67195b43f,-80.6963,-87.9793
2480a7d0-6dc8-43c1-b142-12741c4e7f97,-63.3076,-128.8346
0a036baa-4e6d-4a1d-b77d-bec9accecf79,-5.3339,124.6725
23c41951-1fb5-4359-b6af-f78dc0bb79f0,72.5157,-100.7991
ea0c452d-c659-494e-969a-938799f9d308,55.1375,107.3639
304be95f-f5b1-4cec-87ee-703cfc8b51de,-47.4993,38.5212
3698595d-fe34-4e01-8cd8-d59702db038c,74.0864,-147.4689
5c144f67-cd42-48f8-9aa7-41268d75db9a,26.3067,-133.7568
2d300380-ad56-44c1-a13a-52ba0268f0d1,52.701,-15.7893
5de79864-1ae8-425d-8c88-30838410bb27,12.4859,50.7949
866eb441-5b09-4254-855d-0b0b9892c554,-7.505,46.3252
14582580-dda2-4bd6-9411-65ba833329e5,-35.5714,138.4995
2889c320-b98d-4ffc-b9bb-258472fd51d7,28.1111,-96.3088
df0474b9-554d-429f-946f-f5c252fb58c3,-15.817,-74.3483
ec2155e7-b3d4-4c20-b2f7-97e6bcd48546,25.7387,6.9327
c6396ac0-b9f4-41d6-bd68-c1e4089fee5b,9.5295,-77.5727
29784943-92b7-46f9-9454-425c424ccc67,33.7874,169.7968
cd04216d-94ad-4b6c-a932-bcbe36748768,51.2201,111.9335
5c3da84b-2d1f-4828-b3b6-60aa0519d2bb,1.0776,-172.4249
69b3c077-d41a-4e0c-9c93-fddb9c419a3b,48.9534,72.0384
423f43f9-9334-4ecf-9071-7ad704ea083a,36.466,-39.5346
f88b859c-efcd-41e0-ba57-c1179d525b8c,42.9446,89.2699
2f70e2f3-a733-48e9-8bbe-aa74ada0c9ea,59.9927,69.2028
a2f26943-61db-4ee7-a6d3-1fd27bfcc491,-58.1839,118.1345
1d8b494c-e5b8-4b64-9619-07e773c9fb24,83.7602,-47.0735
7fc3be2c-7d4d-4b6a-b314-202b89fb86b6,-23.0775,-114.6984
c1b743a5-73d3-4357-916c-1a93a68f366c,-11.4112,-90.0049
42879b85-2b73-4683-9a45-6b3b0699a090,-64.3072,20.8562
42f43d71-e55b-432e-8985-20d51d804941,38.3319,-167.378
acb05613-6221-4601-84b6-af4ebb60bc0c,-8.829,-176.4153
b5938c90-6f88-40b3-8c80-e28f79b6f5e2,78.553,14.0828
93347aab-c94d-47ec-bd19-3507fe0e67c7,-37.4239,23.1476
56a3c443-4bd4-4749-8867-06af1462e06a,53.1733,16.5542
9eff3de5-4424-4b1d-ad47-87425f8a2ce9,-7.1664,137.0784
870e891f-50cc-48e7-b904-7838712211ca,48.0779,59.6075
658c5d5c-115d-4a4d-8a90-bf21515cb811,-4.3044,79.5371
79dc9446-e416-4a72-9ae0-4429a38e603f,-44.5585,-159.7305
00b88ba1-e80c-4e19-831b-8cd9848fbac9,69.2133,-163.5361
d7af1999-0d97-423a-86a0-c85f5309e442,-37.8812,113.401
fcbc92b9-29e6-4122-98f4-da2dd989f803,15.1431,-157.5003
537c1337-d9ef-4219-8223-a3d0eaba98f4,-67.4024,-132.6968
04b8a43e-af70-4329-b868-d320a2d72017,-70.0732,-6.6088
7c53e652-aaf3-4c30-bd3d-c6760dfa2f1b,42.8749,97.1938
212ef4a6-9bf5-433e-8530-f9bdea92661a,59.3044,153.9573
1fa4af3f-10ce-4e32-95c2-8c41fb4f4425,-80.4376,-66.7949
d47e4dab-f4c2-4422-9255-57b246f4d7fb,73.565,146.527
4d72add7-3575-4232-9ba4-614e0e960223,-47.3702,-72.0638
5f10c947-48b4-4bd7-a807-0a2ec4e8bbc6,-69.5014,-78.6231
1e89f77d-75f2-419d-8317-f539218a20fe,-43.6167,-170.6098
85b44f85-67bc-495a-9e39-4381cf7a1506,-73.2309,79.9244
1220bf3b-cd5b-4de9-8534-15d85acd2538,18.5823,88.5293
1ff0a2e4-4e12-4b88-9310-293a3b11086a,-23.8132,123.2133
bcf972a0-1f46-40b5-a143-26f8f80881fb,-1.6058,152.2142
dcd2c268-fcd1-4484-9b86-32c1d8f14dad,30.4306,159.3518
a50ca968-5d5d-4a7f-a520-27cdc6d576f1,20.2909,39.8254
86b52006-f2fe-4794-a0ff-9e2ef70fdef2,52.6864,-38.4927
f83dd059-3dd2-4b02-83ec-31b668eda034,39.1273,-175.523
fb5a9a50-94d7-48b4-8aaf-6ab2621adb0d,71.9644,-4.6279
ad5da21b-b462-4148-9927-163c08822d96,-39.4214,0.5191
d12bcb2f-1542-4baa-aa3f-5520d517abee,31.0492,-145.6739
ca9c6c68-eb3b-4381-ae8a-68854351c539,62.5274,0.5971
bb4461fc-3201-41ee-bd98-aad76557737d,-71.9563,21.7844
36ffbe4e-7cae-4fbb-abb1-094163b95aa7,47.6543,-144.9525
a068674a-cb1d-4b8e-a56d-8067fb510d21,-76.8346,91.1311
f2336e36-f6d2-4d58-8bac-7a23f0ed7ab7,89.8315,27.3078
8d61e87e-5ad5-4599-99f7-85f41c1f89a8,73.2997,-48.5798
92102496-de72-46eb-93fe-b89e814298bf,0.9461,21.5364
031253f3-16c4-48b6-a7b9-c23bedd535c5,64.3454,-179.0412
1cfd9dc4-72f8-49f4-a466-99814d137c40,0.8675,-146.5638
9bc9565f-08f1-41f1-a956-d2ea0155b933,15.2069,108.7635
ea65481e-98ea-4bb4-b978-51ca688c15ba,59.7633,-37.3629
55a11e06-f66a-4594-98f8-b1df313b10e6,-72.7342,5.2056
2f965867-bbd7-4e19-b0ef-87869a0fc6bf,70.303,-83.6397
3a26e832-2d49-45e8-9ce1-48c9343ac15b,-12.6136,-4.3712
9a09b0f9-b7c2-45b9-876c-b357ab6562a0,-12.8099,62.8947
b6af7ae3-3350-4212-9d1b-4b30e93f73f9,70.3105,-135.6528
67265257-7a55-4c81-a86a-3674b5328695,57.0786,128.483
f07cd10d-ec8c-4dd8-8d12-2c636e9a093a,-52.484,-169.5408
a753c1af-e2cb-4b99-bc98-b71792572121,62.0105,-36.9123
21c945d5-3b10-4e38-a7d4-364525745624,-42.5202,-108.3052
b875c3ae-85f0-4880-98da-02c026235ee7,53.8941,-97.387
8a27d527-0dd2-4de0-9693-8fdc28bddd12,-23.4065,-86.5678
6367ed41-8456-491e-b8f2-261dcfc7cd04,-81.6411,156.2065
35d1f2dd-de76-43df-ac0f-650779818734,4.4338,-7.7332
d36ed197-9ad3-43f4-a825-445af7b533de,-50.977,36.9813
7d0a3d05-7c13-4bba-ad1b-087630b707c2,67.1604,-60.1311
d0fd44df-73d6-4bee-ad27-8fee1e0d7e40,33.2959,101.6112
ba7a37b2-c13d-467f-a4b3-bfd7f06b74dd,-43.4159,-66.3908
e802bc68-c42b-4a39-a117-d524ce9224ff,-5.3907,-118.8748
dd838e8f-b164-4bea-b733-dd25ec5543d6,-86.5605,-100.9605
8aa4a509-6c12-4a81-ac55-1f1e23923959,34.3444,175.4283
cd97a7aa-1418-4186-8d30-4e35f9755d49,-74.4399,-102.1648
35297870-6b66-4d17-8e22-0406e53eed88,-67.307,-10.2054
1556e43b-b89e-43ba-9226-0d2f39e6b4b8,65.171,-64.9209
3a22f522-d1e3-45e2-8bbb-b2ef8d643850,-46.3715,114.7559
a6a4248b-3275-49e8-ab79-79c79087ad79,24.868,172.4371
1586719a-dba4-4f72-99ed-e933a9d4970a,40.3398,80.0772
b93ef541-9fd5-47b0-9662-46e4d92b5153,17.0508,-0.8813
15d53b05-a00f-4aed-810b-a753527693a2,-84.9387,-19.1622
dc4eee66-6016-494f-a719-cb64929fa34e,-63.0677,77.0708
9ef02ab7-c27b-4126-b831-74473f0c4d88,21.5305,-118.0155
bdb4b4fc-ae40-4117-a3de-c59bfa3eb3ef,-26.4812,-2.831
a6376eb1-cc75-4ebe-b6d4-22942dd22acc,-26.7855,-177.9887
0c1b6f6a-d999-4988-866b-d98e2ebbe0cf,84.0619,135.8421
de25f9f3-1716-4a17-9f6e-5f172f012941,53.0001,65.0812
cfe7333f-d68d-4f1d-895a-b3d7b337837f,-14.4335,-89.8491
208921b0-92a3-49ab-9dae-d553b1996d34,85.8096,93.9358
30290479-f968-4053-b09a-0d49774066f8,23.0458,-130.5294
fb571cfb-4233-490e-82e6-6c075fb12783,-31.2713,-174.9504
d3258710-9074-47b9-9bfe-578da91b868a,71.5703,156.4689
f7303b85-f14c-47aa-9035-ca0eae9e78b0,-4.6626,94.7256
dc993a71-6375-4361-8082-ea0c1857676e,31.9799,-5.2966
0d914557-117f-4678-a449-e235bdc1c2b6,-58.319,-177.7191
dbf394c5-5780-4316-b6a4-0cfd2f4b23a6,-87.7002,68.2275
f7dc7ae4-d294-4047-bf30-6760cdf8cdc1,-6.1334,-32.1047
fc7eb435-ba6c-45f3-84be-dacd721acdcf,77.9888,120.8089
86f2db18-9a37-4100-8b22-8050a401acd1,-0.7737,137.2227
f95555ee-f0cc-4ec7-8746-f79b8e5d5c20,19.802,-151.0063
51dc454b-bc79-40da-94bb-dd49a362b458,77.9096,145.0179
597901ab-4bfe-40a9-a502-0c1bb67cf4ec,18.0689,135.0326
fc05ff2d-9588-4143-85d1-9fec8e406878,70.5611,149.8185
f0ba2ea3-ebf1-4fe4-9061-9da463e66075,29.045,89.9789
c39e2c7a-4bc7-4880-a236-59948b75af04,38.5531,-45.595
394c72c9-41c3-4bd6-916b-3ae75669e525,-87.9633,46.7957
5749f5fb-2853-4b4d-899d-52a2cef07893,79.8836,-178.9769
f1c1685d-19cc-42a6-9055-965a54517a05,-9.5567,41.7029
ed70e60f-c278-49a7-9df8-eb7f7fe9a11c,-21.1001,63.4786
320b8087-0d88-4e98-972b-b42c4fbf1c03,-19.2066,-46.4
74912d61-d42b-49b1-8d34-7233f8a4b0ef,29.337,-130.9682
00232f09-9d2d-4707-a5cd-4c8b2f70d172,18.7437,102.4951
f58c1886-565f-40fe-93b9-cc3eb8ddf76b,7.2752,151.3693
56594c90-ddf7-476e-be54-4cc306bc2998,-60.4671,-167.2606
44169eb1-4acb-4eb2-a956-1c1b3a427499,4.3572,16.9382
72c6cf80-c0cb-42b8-9381-47e9b58cf108,-33.5515,147.9823
f62bca21-af83-43db-9925-0f7023b521f3,-41.6875,-69.6462
ee7fba3c-492f-44b4-8a81-8cdb2e6838ba,-24.8227,-103.0905
6319ec57-d9e3-46ed-a694-14c88d1be0e2,-65.4725,-20.4451
fafb1a50-fbc1-45e4-8568-cf3359ebe354,76.8675,135.3604
8fde5e88-e63c-46af-930d-2e9ffb1142ac,-31.3871,-29.3254
cdbc54fc-d7fd-4048-bc46-bc0284270915,41.576,-64.2039
7808e57d-9f5e-42a7-aa8c-bae4639689be,69.7783,156.1318
87d78c30-f773-4699-8eeb-cf735b79510c,52.6868,-128.2307
fdcc86d8-8bdc-4100-ab6b-979e247ea900,88.8479,62.3019
c613580a-0500-4ff9-8f11-1dc9933c3948,-44.7079,-155.4166
93e185f2-bc1e-4e5d-b4ef-6fa957e3e568,35.1917,-102.7245
1eaf184d-6675-4f65-891d-2bcaf87bd412,50.6247,-127.9018
4e2344b8-d06f-43bd-bc12-7d034576595d,-15.8145,8.0932
d34e9ba2-0c98-4464-861d-834ddfe49c3a,44.8178,-142.9229
b122f28b-44f5-490a-977f-a6ff3414babe,-46.8306,-116.1989
b9ce28d5-14de-4298-898f-96a89300ea5d,68.9833,-147.226
c928ba83-12f3-472c-bfef-0e8f997f77f3,-1.515,-164.1434
eb40937a-4399-4bb0-b35c-92317fb7354c,-70.6751,82.6619
f785ee75-b4c6-4148-912b-369d9141ebcd,-1.5506,163.4313
9e06acea-7bdc-4a9b-b42c-e24b684c9a8e,40.0844,-146.1139
d4279074-685b-4e65-ad93-d100442e5578,-85.9979,165.8145
b4bbb8a2-c8bd-462e-9fab-f93017fb6f90,-40.8995,-67.2539
f84a5197-15f7-474b-99d1-106740cecd71,-42.193,-41.1749
8b3bde92-a994-4c56-9e18-c74890d02d5d,27.9095,111.5283
04966da0-a3a6-44c0-b493-bdf91c965b1a,82.9873,118.1083
f4e2f525-d2a8-4292-8467-d664e34cad70,-38.0151,-142.7575
be583a88-19f3-40a3-92f3-d070559c6896,-60.5978,127.0934
5111e0cd-6e8f-4f05-87e6-79e38f4250f3,-65.2943,38.3779
c1df3b4d-9fca-4da4-b30a-cc221f9cd273,24.1836,155.3877
6aa47f52-34b1-46b4-8bf7-0c41e7c4df75,89.078,58.765
