uuid,name,value
9e085556-7c76-432e-809d-fdc8c8729834,CPR,081288-6012
a5c94f90-24c9-43e5-a93e-14845d3df781,FN,05104749447
0acf2549-888f-405b-a72c-0bd4a87217fa,,
ee58b1e7-18a2-48de-9ed9-c9ddfec803f7,,
46644a74-237d-4462-889f-84d563c854cb,AVS,756.3822.9223.12
36047c5f-cd38-413d-889c-62299fd8ce6c,BSN,44176772
8471593c-be32-440a-b1b9-c05d44f43523,,
0ca1c342-e2ce-49c8-83e7-b889d1d406c4,FN,11114404804
b735a002-86b7-471b-bbc3-dce0b0271d0f,DNI,15026260-Q
9183c96b-38ee-43de-8187-8d10cf7c3194,,
e6670677-94be-49be-9815-00302e2a0298,SSN,444-90-4665
e11f68e4-ef5e-463f-a0ae-f1c5961d3aaf,SSN,876-40-6546
9a57f64c-8b44-4e01-b9e2-2913a390aa29,NINO,NA 36 99 44 S
06601044-7c21-475e-8440-3bdf2626d1b9,NINO,WE 04 63 30 J
10d554fd-6471-4820-9fba-2bac9140e601,NINO,YR 28 02 16 H
d542a185-3fa3-4496-b669-777f17a98f4e,AVS,756.5200.1594.47
71efcb95-4861-4fd2-b4d0-0105666ea791,AVS,756.3298.5016.88
ee64829d-c970-4a86-a8cd-a825553cce81,,
001e2961-92ae-4964-8711-5d7c69843a2e,,
1fb402a3-1d27-4abf-bbc7-ae65f8f4bfba,,
8925226e-fb8f-426b-a909-bb74d51a1fb6,,
0562150f-ae02-4a3f-b8f2-6caab232fcba,,
d1814671-8544-482d-8ced-2b17d902eddc,HETU,NaNNA080undefined
805aff76-b989-46f5-a852-3b14ad7ed42d,SSN,708-24-2468
dcb852d3-ec00-4bf3-8ae0-48b190dabd55,,
d6355ff1-a2e7-4d96-9b83-4dde91b43460,TFN,420882958
e25f1b47-685f-4bcf-bc4b-f38e1a84de5d,TFN,398718959
cba73507-dbec-41ef-9f26-a223ccedfa84,,
4a40c364-c85a-4e72-a9ae-f8281ead317a,,
059ea816-ad2f-4f40-b57e-ff35d0114df6,HETU,NaNNA372undefined
46b8781c-358d-460c-8197-41f6ee6261c8,CPR,241044-5899
34404066-f915-4c48-a475-4dbaa198b2dc,,
23952a7d-1922-447e-a0cb-111e7126b9d0,SSN,311-86-1602
8a3ec85a-a491-42d8-bf88-64cb61556f58,CPR,160391-6051
358e51b4-9589-4831-923a-ea3d03194315,AVS,756.8054.8566.79
c8eee2ca-6f73-40b9-8a77-8795ceae489a,,
60f89401-28f6-46b3-999b-7d542fe4ea51,PPS,6325886T
90c5cf27-f0f1-4b9e-be80-441743fd812a,INSEE,2NNaN54704144 14
ddc5293c-fc59-4d27-89f3-ba1e8bc3b7fb,,
7acc5fa7-2590-442a-8628-0bc066ac2d53,CPR,021269-5422
96057625-4fce-4e87-9874-10c2be33648e,BSN,18013398
e51262ab-c924-480f-9573-dddcc972089b,,
c5c6a0b6-9e7f-4a70-ad9c-15780d1844c1,CPR,210657-6521
827df88e-7649-45a2-af4a-17e41830bda3,INSEE,1NNaN26211488 87
129dab64-9878-44b2-8f12-1ca8aac3edfe,,
5d66c19d-6346-4d93-9eda-a2c928cfec1f,SSN,062-43-0190
842ed121-fcc0-4c1f-b91b-7f48832942e5,,
e381919f-11f6-4ae2-b043-5b622757c1d4,NINO,LP 46 93 90 C
79de1aed-a74c-41f3-81b1-ab80a53188f6,,
3277df06-4d50-4d32-83f5-45c0aa526e6c,SSN,178-97-5609
6596e7a5-a94e-4b6b-9650-c3d7d730de4e,FN,25067200007
10d03242-f110-48bd-a989-197e9563c6d7,SSN,518-04-3762
830233e2-4af5-4fdb-9ef8-fbe25ae8ba96,CPR,261090-0485
92bf512d-ff06-4405-a5c2-3de5f89cb1a0,AVS,756.9191.3047.32
d10ab5bc-e178-46bf-9d76-6e24e0141232,,
e46ca226-aa89-4790-a196-75f1783d1ab0,,
844336f1-659d-4067-a474-26b44c6cca38,NINO,CX 25 39 37 N
e5bbedb9-2c29-4b03-a4a1-d16babc7e1c9,,
dfedf468-9561-421b-9ff1-ff73b3f11840,,
c640653a-9168-4640-af3a-63cdcb822aa0,,
85e6dff2-b6ee-49d7-9c8a-a22ff10da522,,
2a035a67-7830-4209-b589-ee184cd8dbf3,,
bf2ae67d-e052-42a0-8239-2bb45b8e0484,,
ed20bc3b-df2b-4ca7-be7c-6562fffacd09,,
8babfa24-9425-4e38-91b7-312eb2473813,,
73847547-975c-4e6b-b93d-ab6288e1cbb4,SSN,305-07-8886
0a52540e-b2c7-4585-ab51-f7e2a638eda7,HETU,NaNNA779undefined
f1a3005c-57a0-4d89-b21c-f85a8c5f8a13,INSEE,2NNaN51523699 26
c36ebe09-7b06-4276-a8a2-70ed2f205782,BSN,26166585
525362fa-59c1-4526-836e-dc13da7514eb,,
1feb4c64-c40f-410c-8967-71ea43b4e4ed,,
2f3a8744-bbf3-44d6-8492-d514ff144135,AVS,756.9350.1634.37
b7216842-0aed-4d18-b121-2b3e0244ee36,SSN,286-56-3535
bd0f530f-de54-4d28-b0f4-a1eaa06033e0,,
101bc65f-0a0d-4bce-9f2a-e16786c0aa33,CPR,011183-5240
dea001e4-e0d3-4560-a843-8530ca699287,NINO,HL 87 09 90 A
d27be96a-a39c-47c2-8df7-64866d9d84b3,,
7eddfeca-e2c4-40bc-b879-e0ca278aa8a3,NINO,KH 60 51 87 S
3a11e54d-4dfe-4ded-a02f-439ad875959d,PPS,9336464T
76d46e45-d976-44f3-a56a-872fcdbc8350,PPS,9066423T
6501f1a7-42a3-4fab-9da1-7e26d680439b,SSN,517-56-3948
e28052e9-4b41-4695-8f8b-fa7216baf83c,HETU,NaNNA244undefined
8c0346e7-e3f4-4846-b6db-2781fc95d860,DNI,22126460-Y
5b2babc9-db53-4a51-ba56-3babda23381b,NINO,AP 55 78 35 E
336cada3-e614-4435-8926-cc9de62603eb,,
9cd5c1d0-12fc-4535-8cd1-ff8363adbf35,TFN,350691991
48e67a6a-146f-44a4-acc6-c07bb606bec1,,
2797ae5f-0127-4343-a17f-71cfaa1b3902,TFN,063398072
b4e03627-4593-4031-a0bc-acf5c98f6faf,CPR,230762-1308
67215949-20c4-4157-9e63-952087684b3a,DNI,44074520-G
6a4743cc-2bdf-4b9b-8fca-c7825357b2ff,SSN,738-26-8516
2dabb8b8-46e6-45d5-83ce-4ebe293e88f5,TFN,587922440
db9bed33-7cef-4279-a922-d068f4e244fd,,
1b616414-3f88-42e1-b5ba-456d88975d58,PPS,5028814T
4779e643-6d6b-47fd-a086-c6b771c0807e,AVS,756.1298.8188.24
82e77d9f-135d-422a-b14f-8df20d32c07b,,
c18872c8-b8f1-4e35-97b5-42395aaf586a,FN,21109714337
886d7830-49a9-49b9-a7a8-3bba20452d3b,,
e749bace-8f1b-4438-820d-90413c6baa57,,
38556283-bf03-4f0d-9a92-a2524e760576,CPR,070362-8937
9a80ffc2-f9a7-4d5c-bc13-7810ac820339,,
b3840ba5-bd38-4557-a115-67f6bcc4e528,TFN,713110094
0bf6de11-92dd-49bd-87cd-c116f959e0e2,TFN,294019267
d1fd7baf-e311-47b1-b8c2-1968970d2ec9,BSN,15198725
89b67001-4332-40f2-a6d6-d1636cd3fa86,BSN,69469112
2e485f5b-8d14-4a55-ad4f-593375b63c9e,FN,03069412482
5c2083f2-ddcf-46ad-81c5-9b4b57d862f9,TFN,873651451
fc3093f3-c713-4791-9cd7-81a4b8d0d422,PPS,3958559T
8104f221-6a1b-445b-a465-80ee74c91e40,AVS,756.3043.4100.64
b5b61b62-c98e-4bbb-8ba9-ce220377dc45,SSN,097-65-4030
2c2761fa-4c4d-494a-ae48-35b06df4fb65,NINO,PZ 50 89 93 S
b712b7ab-f7d0-433d-ba99-6cf1d6a080d9,CPR,050159-4598
fee1d5dc-435a-40fc-bc65-09be0e5e85b5,BSN,26726204
b3b63655-9a36-4f8c-bfd6-6ee5da98bfe8,HETU,NaNNA645undefined
6a496a4f-ad49-4ddf-b29c-6ec580bfc334,,
7f0c8385-c182-427e-82eb-170b6937c682,AVS,756.2009.2041.07
39516bf3-a75c-43e5-b97a-c30bd633282e,,
257dacaf-72d7-4c46-93f5-180bdddb66f7,INSEE,1NNaN53176680 94
e89402b9-ba34-43fa-a083-f4bf5f210051,PPS,8534599T
9bcd8dde-81f4-49b2-8100-70475f163d39,,
dc67dddd-b9d0-49c8-9835-aff4dc7a2afc,CPR,271161-5412
dc2740b0-dc05-4101-a025-559386597b86,INSEE,2NNaN14645273 50
9564a1aa-8d92-4a13-9bb4-378589cc5350,NINO,LM 86 88 85 X
7e729d74-b0ea-4b3c-894e-9bfa7081b82d,AVS,756.8841.7622.44
9dd711c2-b154-4a2f-97d7-9c6f5e032356,FN,16046232813
de89817b-238c-4998-843f-faa9c8ea65bf,,
c0613200-51b5-4468-b656-0f6813a564bf,CPR,070891-9229
e2a1c94c-361b-41e7-a66b-229984f1e4b5,,
818eafde-23da-49a5-959b-70fc56f06090,FN,15059035107
cbde87e2-f1d9-47f0-b697-1ddc74a0ca57,,
8b637fdd-a29f-483e-b75b-b95914faa508,DNI,75472043-D
e96b8370-8ba0-444e-af06-322b77a21f67,,
ad5baca3-80cc-4a34-ba74-a6e3d37d96b6,TFN,946879868
0c9e4685-69d1-4696-bfa7-d618f8af858d,SSN,830-49-9501
590b9263-d270-40fd-90ac-f72e1872027f,,
ae3c72d3-a623-4527-a39e-4c5d7e98abb6,AVS,756.1449.3479.59
7fe13d5c-4289-4cbf-8f75-a4a45647cb0e,PPS,8994802T
0eebeccc-bba8-462a-8317-79b2eba79426,HETU,NaNNA958undefined
a05c7866-e158-4f28-bbf4-8bfe4488f9f9,,
b8a20193-4dca-4ddb-b9ee-0a354865987a,AVS,756.0020.8351.06
b978314f-a57c-4e81-9d8e-e4b713182efd,,
11bd60a3-1618-44e0-afa3-2f8dcfc40f42,FN,23066732509
eabd79e0-8ec9-4e38-97ed-30b79bb035b7,INSEE,2NNaN56631348 56
b00fda18-d4c5-4d1a-8c72-33f3e06c7568,SSN,096-79-3181
a082ebba-de5e-47e7-b742-3dd938ba32fe,NINO,RB 70 07 03 Q
8ae7da45-b69c-489e-b669-69696ce8195c,,
38069a23-9761-4110-9701-b1e0ca3be2e0,,
746f2108-8aa4-47ec-b35f-e330dd9a0766,TFN,872055880
968e98cc-c4b1-4a1b-92c8-a4f7d7ef5634,,
563417dc-62b1-4c9b-91f7-d3f873371501,TFN,092644919
66684097-2971-4d9b-9ce9-4b6f46721e25,TFN,792723677
5568a998-4613-4324-a6b1-f971b5ed552a,FN,21055009829
69dc6a88-4420-4efa-8a5f-3580154eb841,,
84749fe7-e923-48cc-ae45-d3f6c84a85ca,DNI,07157446-E
612d9f51-ef83-4c49-88b3-365251313e56,FN,09095625344
ef0ab47a-ab41-49e6-91e8-20ed22fcfc76,,
9151c78d-8ef7-4269-83a7-d9ddf1c3c1f3,,
9ec0988c-d582-419f-98ec-bf33caf58260,TFN,736078283
d198e7f3-3799-4136-9105-d9a9970f401c,,
c93826ba-aba2-4e81-bb36-4a94a2b71667,,
604809f1-ef26-4e31-97de-fadde07c913a,CPR,230171-7049
13d8b69e-31c2-4b93-8e19-80c120bff3d0,INSEE,2NNaN73801321 01
85dfc953-4d11-4afc-9112-f0319d88a7ff,,
70a45fc0-b4e5-430a-ac95-171a2720b7d6,HETU,NaNNA451undefined
5a6db675-3a4b-4efd-83c0-360e6015cfbc,PPS,2518588T
2ab8d917-67e5-44f5-8f98-c2ed1e3337e8,AVS,756.5004.0661.39
0b78303f-020d-4751-866d-cbcf53d55a1c,TFN,041406137
80880723-9228-4d54-8c8e-b6d4ac91a042,,
af86f783-2746-4964-8221-addceffb8c37,AVS,756.9086.7997.50
b4e39ecf-3467-40d1-8a4a-197bcd410275,INSEE,1NNaN24978865 05
7a17aa1d-474d-4a5d-9cc2-18276aa6a530,NINO,GY 81 52 43 N
dbb3337c-f280-4422-88f2-b322faac2d44,,
4804de27-37ff-4ca5-9536-afc46ebe6860,SSN,046-68-6242
867b98b6-6983-4916-8724-fcd2dd3618b0,,
893a284d-b97c-4599-994e-7177db6b7e59,TFN,792855256
3d7b84cc-295a-4087-8820-19afdf4444f0,CPR,291250-9907
d8998cd6-1181-4a32-b02b-3a8dfec79d61,TFN,555226247
71318eea-9313-4979-a13a-556856de1e90,,
0bba56be-e041-4a5c-9efe-6fc3ee982f1a,,
080fb055-ec96-4e65-ad42-9a3bde850eb0,HETU,NaNNA588undefined
c3656279-9b96-42ad-8cef-bfdef5c4b17e,HETU,NaNNA303undefined
01193f2b-7ca9-4ae1-8188-569636841032,,
754a0231-aea0-49b3-81f1-c3a3d3ef7133,FN,16078945714
976ffe33-f9dc-42c2-9230-0f600d42742d,INSEE,1NNaN74148767 46
4be102c4-62de-406d-8d21-9ca3d0305092,CPR,110685-2631
4f703e3a-b4b4-40d4-9826-e27c3cac200d,SSN,904-59-7908
0a274b3c-e81b-4cda-bb30-aeb292edb49b,BSN,13961687
1dc7b355-1a2c-4646-8717-56680b6499b6,CPR,170369-7130
97be722c-c09f-46ae-923c-a8dbc3815e6e,DNI,59576941-J
00459906-e9fc-4b4c-8500-05c0c9b55b10,PPS,3945899T
bb604ee7-b013-4123-8805-aa8531a85de4,,
6108d6db-5992-4792-ba13-9ad37e59e914,,
19335fa5-5047-41a4-b001-c6625e9e89f3,BSN,96284257
dd6a8b06-4576-4c9a-9d29-e12c2e048ab1,AVS,756.6330.2289.74
af572850-7472-411b-bf07-a23b8aa93d88,HETU,NaNNA449undefined
250ef933-9a22-431b-b54f-206ee428b1fb,TFN,732354369
715085ab-b8f1-4a3e-9ad5-e5a40b34dd32,HETU,NaNNA204undefined
466d59e4-634e-4d4b-8dd2-00c95b023502,,
b4a2d54b-7c6f-489d-a047-4cab41a3fe24,,
f8ddef39-370b-426e-92dd-7dca77beee83,,
02425744-6826-4193-acfb-698ef5ed9d47,DNI,30338070-S
f55d99da-70e2-4b76-8b04-c9f80dff6b52,PPS,6215567T
143622b9-0099-4733-9b74-ad4977f4fa4e,,
456778fd-b415-489d-bc6d-bf0ab6084b60,NINO,TS 46 71 80 M
910d4cc7-c6c3-43f4-9955-04ac4a31676a,INSEE,2NNaN40468402 95
cc8be84e-22ba-44ee-9cbd-d2cd69a1a70d,TFN,819264215
74a78250-3e7a-4f4c-81b0-271ad3aad894,NINO,SA 21 92 28 M
cdddf15a-7f85-483d-869f-58d5320b010c,,
d97ee124-cdc6-4cb7-85dc-d156b3e0575d,SSN,562-22-4667
11f41730-cd95-4eac-bc97-430fd2d7fedf,FN,06098726207
6d166408-56fe-47be-8342-b1c808a11f5b,DNI,95765408-O
800b1f71-201a-4ee9-830c-2f0a3eb713f4,NINO,EX 85 56 95 A
1c9ad0e8-9b19-4617-bdaf-1c33633a8e1b,AVS,756.2869.4021.62
b267888f-0d78-46cf-be95-78ef2edf7367,NINO,HJ 90 07 52 L
5e668866-6e80-4879-b134-9b5fcc5c26c5,CPR,040858-0493
2cc74b83-8504-44ad-84f1-5eed8bee9b56,,
fe9bcd38-dc79-4e2d-9c96-137efbf4e88e,BSN,17553100
28f3e427-1c2e-4d75-8ced-6a4c9bc7c9c5,,
a683b691-9eb2-47ce-ad55-4af7acd90500,AVS,756.9131.0147.87
4960b663-acf9-4190-b138-f8490d04c115,HETU,NaNNA094undefined
c8d6624f-5e57-43ba-8285-d46fd09af20d,,
9aa64cc4-1ed8-496f-bf0d-1a9be07a14fb,BSN,51186460
cca00ff2-ca12-4e36-91d3-3c9e01796929,,
223052c1-b1e1-46b2-879f-0831ec77daec,AVS,756.4334.4248.70
e22a02e8-9e77-4afc-823f-8c9132264eea,AVS,756.6087.5813.48
08af77ca-a0dd-471b-9446-7ce30fcb912e,NINO,TP 34 39 05 Z
6c783015-b254-4b3b-9646-a13ca2646051,,
7d8f7d73-88c5-457b-8404-7fb7b3ac38e5,DNI,21954354-L
43c5171d-1453-482a-a0d2-4b3da2b668d5,,
8959ac8d-2f49-4a35-99ff-43fa41b6ccd6,INSEE,2NNaN08174694 67
4ae49f49-d84d-49d3-ab4d-cd04deaf1b8f,,
d4023207-c09e-4336-9bf4-7afd0592f70e,HETU,NaNNA660undefined
d04cff16-4146-4d8a-af5c-ab97b6262892,PPS,8523832T
b636bbea-11e9-467e-949a-46151bf46c48,,
f75458ea-faf7-4a6d-84e5-be4759a30c97,AVS,756.0942.4488.20
0752d637-2913-47ac-b87b-9779dd359c4f,NINO,AK 74 28 84 E
ae75478d-93eb-4786-9013-2add43df00bc,,
ce0a251a-2912-46af-9e5e-0e3b00f79ebf,,
def2fd0c-a2d8-4faa-a63c-0dd7a22475b6,,
20918506-7fe4-403d-907f-f81248a48417,DNI,81926846-H
e9c4bf80-cced-4112-9d2c-0f87e28c2a0f,BSN,14359597
c2a05189-ea94-4687-9025-a47cc0cc68ea,HETU,NaNNA826undefined
b472fd56-ee8a-4177-b57c-e9f96f3d94e0,HETU,NaNNA831undefined
7045cb63-c4b9-44e5-a3a6-0f9fa71d40df,BSN,05773251
e046dd42-df3a-4afc-a90f-8046a829d52b,PPS,7872739T
58a878a5-302e-48d2-b3bc-ffb0b580d7db,FN,05089530638
a48435b9-7686-49ce-afca-4f56babe4ba8,,
21c4398b-c7b0-4478-8670-32f100eea505,TFN,219845891
03bd3c4b-0003-41d5-820a-161a113cf90d,CPR,010249-0554
26e6981b-f2c5-4d9c-9c05-47942556ba5b,,
8a76dd15-5dca-497d-855e-362b79fc6a6b,BSN,34586507
385969d5-b7f7-4428-beb5-114803ad9566,INSEE,1NNaN62640424 31
381ca45a-40e5-42b6-a06c-9a95257d8cf2,DNI,13787071-T
e6f2e24d-7808-464d-9b9f-95e35f5b0e11,HETU,NaNNA469undefined
9b1b308a-1fab-4e53-8192-ae4344c59541,,
d3f94264-72e6-43c8-874f-27ea97c92493,,
08de9851-157d-473e-b997-61cb129b6866,PPS,3277745T
aac7437f-d462-43f1-9bc2-e4eac8cb41fe,TFN,774479397
3ea10d35-f305-4986-8f11-993c8b2f4e73,,
ecc010f7-5b9c-447d-9cfd-4c6eb370fa75,SSN,436-90-2062
a1c00b15-a1b9-4946-b79c-866125332a9f,NINO,EH 41 22 95 R
d2c28a97-867f-43e7-86dc-357da2d39d62,,
ae2a9567-8066-49fc-90a0-316920c20169,,
7e0a03e8-df18-49aa-b10e-c1f2fe122266,CPR,160683-2142
718f6519-368d-4cc4-898e-d0420c453a4f,NINO,RZ 12 08 18 Q
1ab8086c-24cb-43e4-86ef-2839997c37c8,SSN,058-34-8593
5e297910-f92c-48bb-9eb5-fb6fb4e29fc6,,
211408cc-20e5-4035-9b1e-3a76f2fd0348,CPR,291246-0740
1f8155c7-b073-404d-8d74-4cd480b6e3f4,,
15dcf4c4-69bb-42ce-a7ae-2e2781241678,DNI,69547830-D
ae51d13c-7184-42fe-97eb-ed3c2e26db14,HETU,NaNNA610undefined
499fc44c-fcfa-4e7d-b12e-828d11ae0742,FN,28035401085
88657ebc-7532-46fd-893e-d79d8b197643,CPR,290375-0751
04a1ccec-83c0-4c28-b76a-2c07d2f63827,INSEE,2NNaN60623851 20
e27e829d-23d4-4e46-9df6-626b183c473d,INSEE,2NNaN69046786 45
1c3c22d7-d413-4833-8b78-4d97c231b1e8,,
2b9e88cd-55e9-4ef4-852c-8d4d30d37a67,CPR,230365-2395
8009be0e-b37f-48c5-bb1a-9a6f026494d4,,
0c1112c0-f696-474d-857e-7e8c1dc8e9ce,CPR,171077-9508
6b0bd4d5-7294-48d7-84da-454c5220332f,PPS,8693526T
22eda906-3bc8-494f-94dc-3bfbd8b544b0,INSEE,2NNaN49346915 92
9ea15827-6a5f-462b-b0c6-af5e0459285a,,
83413f54-6b2d-4c5f-ac1c-0bd3087417c3,,
bd1c7f6a-9590-4cbb-86f8-f13aaf8b1d74,BSN,63071667
5f3bb7eb-6e6a-4ce1-94bd-a8d1b604cc5e,,
44103ee1-409c-41cf-99bc-58cb529902ae,AVS,756.3371.5989.52
02339ce2-6000-4409-bfe7-26417bdf8477,HETU,NaNNA653undefined
6bab6221-be36-4f17-9aa5-a9eb06781a40,SSN,306-88-8143
eeee58e6-fae3-49e3-b3df-629644a40c19,DNI,85464403-P
82482e9d-c3a5-4b2a-8fa7-4ae8b824f648,,
d3570fce-a6e8-46d4-94ca-791170a925f0,HETU,NaNNA035undefined
86461bdd-1c8f-4a3b-8794-e882fffa42c5,NINO,PG 14 65 66 H
6f843b30-7270-4a25-8921-a8bca6620907,FN,15026503571
0f25252b-7b80-472d-b629-9b292ba69c52,AVS,756.6584.4787.97
203b0115-1bcb-4e93-a411-3d0dffed544f,BSN,13474647
950f5a77-8628-4ff0-9ace-fc90731e1f44,NINO,OE 97 41 55 A
ff8716a7-a39b-46da-bc58-8b56fe216e24,FN,27086132368
7ecdda80-a81a-4b0f-8a04-185735d23af8,DNI,44572252-P
3cd5001f-eaee-497d-9c3b-f15e6cacf684,PPS,2903527T
b2fbe42b-b34b-442b-ac91-b89c761f587f,TFN,428731735
e4cb5aa4-d555-4688-91ed-83444f632ff7,,
34f302f2-047c-4a3b-b546-545f3aa56386,,
bf6c6836-3a46-4d36-ae42-e4ceb63ed294,DNI,50745732-M
8e7bb500-c239-4f79-9826-e041f4ea0b60,,
c3141342-7ebc-45f5-8050-1b4aeaed140e,INSEE,2NNaN40384602 76
d2083ddf-0278-4ed7-a13e-04bd3a069aea,HETU,NaNNA337undefined
4d136fbf-4da1-479e-a89a-565a5dcd12f2,AVS,756.7913.5395.79
59ff5b94-d180-4601-b900-0c7c77067123,,
7827c1c6-ddd4-4782-8923-9dcbe4d89489,CPR,020780-0166
011b9aff-a064-4e1c-b013-b71238b03a98,FN,18069040442
3bf6724f-e1c0-4ec0-826a-6e7239c62dee,SSN,382-57-7154
11414ac5-2950-4210-8050-5c98943b47cb,AVS,756.6272.2277.29
6b89eb7d-54c3-4bd1-8dd0-cffc8252d5f2,SSN,893-72-8187
0954b9ac-fc1c-4ec0-b30b-f0d52cdd7b79,,
7fa661da-ef0f-41d2-b9dd-5bac6df9be86,,
613d6d7c-bdce-439b-9ab2-f01d32b602f1,,
c62cbf0c-9d40-43be-acbd-bb45e67e3b4d,HETU,NaNNA322undefined
fc25c4e5-6041-4674-bde9-d3be5a32458e,,
42bfcc93-9bd7-46f3-b229-2909c54d6f63,,
95d39a31-f18c-4d6c-b920-56e1a8f37396,DNI,08048065-O
719817e0-82c5-4d47-918d-73ded5ad5e8e,NINO,ZJ 50 82 83 S
abd41b8c-eb62-47db-bc6d-50f7d2eff4ad,FN,06015029666
f3a8423a-c1b6-47b4-9e04-a0cdf0733a52,PPS,3401901T
dd723e7c-276e-4e60-ab1b-5338ca0f7e28,FN,09066228042
b3113f35-e1f1-479e-bf0e-b44fa0d00361,SSN,639-63-6672
e9594260-1392-434a-afb6-2cc731e51f7b,,
fb1acb5d-6108-4dc0-a226-18f6f436d27d,TFN,312312261
506bfe29-b6b6-474b-8251-6005e3c26cfd,HETU,NaNNA940undefined
5f0c9213-bd08-4bd2-9fe2-7b2884198e9b,,
6259c6d2-4cfa-4340-a246-c0b55d10d04d,DNI,96713515-X
d92731b3-c746-4f79-aefa-d8405dfac930,BSN,97278894
e1603e03-f29b-4bb4-9919-2cbf98807ac2,HETU,NaNNA286undefined
61ebca0b-6036-4da2-ae6c-1def35e73b69,,
84e630de-d2f9-435c-abf0-cc7cc3b81468,AVS,756.8176.0760.78
1caa9dad-8bfa-4947-81a0-abf37f51c5fa,BSN,50746389
749b3383-c824-447c-a8e4-b948f980c66d,,
ecec2c00-32e6-4096-a144-efb67195b43f,BSN,66192255
2480a7d0-6dc8-43c1-b142-12741c4e7f97,FN,02056044909
0a036baa-4e6d-4a1d-b77d-bec9accecf79,,
23c41951-1fb5-4359-b6af-f78dc0bb79f0,FN,06117627312
ea0c452d-c659-494e-969a-938799f9d308,,
304be95f-f5b1-4cec-87ee-703cfc8b51de,BSN,84905687
3698595d-fe34-4e01-8cd8-d59702db038c,,
5c144f67-cd42-48f8-9aa7-41268d75db9a,,
2d300380-ad56-44c1-a13a-52ba0268f0d1,,
5de79864-1ae8-425d-8c88-30838410bb27,CPR,170549-8810
866eb441-5b09-4254-855d-0b0b9892c554,PPS,7419499T
14582580-dda2-4bd6-9411-65ba833329e5,INSEE,1NNaN65610656 47
2889c320-b98d-4ffc-b9bb-258472fd51d7,CPR,131046-8997
df0474b9-554d-429f-946f-f5c252fb58c3,,
ec2155e7-b3d4-4c20-b2f7-97e6bcd48546,SSN,854-08-7277
c6396ac0-b9f4-41d6-bd68-c1e4089fee5b,BSN,31123275
29784943-92b7-46f9-9454-425c424ccc67,,
cd04216d-94ad-4b6c-a932-bcbe36748768,AVS,756.2753.1539.49
5c3da84b-2d1f-4828-b3b6-60aa0519d2bb,,
69b3c077-d41a-4e0c-9c93-fddb9c419a3b,TFN,063111256
423f43f9-9334-4ecf-9071-7ad704ea083a,BSN,60256659
f88b859c-efcd-41e0-ba57-c1179d525b8c,INSEE,1NNaN28398607 56
2f70e2f3-a733-48e9-8bbe-aa74ada0c9ea,,
a2f26943-61db-4ee7-a6d3-1fd27bfcc491,,
1d8b494c-e5b8-4b64-9619-07e773c9fb24,NINO,RT 16 55 89 Y
7fc3be2c-7d4d-4b6a-b314-202b89fb86b6,SSN,015-62-8657
c1b743a5-73d3-4357-916c-1a93a68f366c,NINO,AE 83 04 85 Q
42879b85-2b73-4683-9a45-6b3b0699a090,HETU,NaNNA663undefined
42f43d71-e55b-432e-8985-20d51d804941,,
acb05613-6221-4601-84b6-af4ebb60bc0c,INSEE,2NNaN26765592 97
b5938c90-6f88-40b3-8c80-e28f79b6f5e2,DNI,76780884-M
93347aab-c94d-47ec-bd19-3507fe0e67c7,HETU,NaNNA187undefined
56a3c443-4bd4-4749-8867-06af1462e06a,,
9eff3de5-4424-4b1d-ad47-87425f8a2ce9,CPR,280198-6967
870e891f-50cc-48e7-b904-7838712211ca,HETU,NaNNA501undefined
658c5d5c-115d-4a4d-8a90-bf21515cb811,FN,01048047145
79dc9446-e416-4a72-9ae0-4429a38e603f,INSEE,1NNaN53694341 24
00b88ba1-e80c-4e19-831b-8cd9848fbac9,,
d7af1999-0d97-423a-86a0-c85f5309e442,,
fcbc92b9-29e6-4122-98f4-da2dd989f803,,
537c1337-d9ef-4219-8223-a3d0eaba98f4,HETU,NaNNA931undefined
04b8a43e-af70-4329-b868-d320a2d72017,CPR,230197-3759
7c53e652-aaf3-4c30-bd3d-c6760dfa2f1b,,
212ef4a6-9bf5-433e-8530-f9bdea92661a,INSEE,1NNaN01049762 76
1fa4af3f-10ce-4e32-95c2-8c41fb4f4425,FN,26089238276
d47e4dab-f4c2-4422-9255-57b246f4d7fb,HETU,NaNNA549undefined
4d72add7-3575-4232-9ba4-614e0e960223,HETU,NaNNA961undefined
5f10c947-48b4-4bd7-a807-0a2ec4e8bbc6,HETU,NaNNA936undefined
1e89f77d-75f2-419d-8317-f539218a20fe,FN,28114641199
85b44f85-67bc-495a-9e39-4381cf7a1506,PPS,8057106T
1220bf3b-cd5b-4de9-8534-15d85acd2538,HETU,NaNNA821undefined
1ff0a2e4-4e12-4b88-9310-293a3b11086a,,
bcf972a0-1f46-40b5-a143-26f8f80881fb,,
dcd2c268-fcd1-4484-9b86-32c1d8f14dad,INSEE,1NNaN88932970 46
a50ca968-5d5d-4a7f-a520-27cdc6d576f1,,
86b52006-f2fe-4794-a0ff-9e2ef70fdef2,TFN,047547582
f83dd059-3dd2-4b02-83ec-31b668eda034,,
fb5a9a50-94d7-48b4-8aaf-6ab2621adb0d,,
ad5da21b-b462-4148-9927-163c08822d96,,
d12bcb2f-1542-4baa-aa3f-5520d517abee,DNI,03875743-O
ca9c6c68-eb3b-4381-ae8a-68854351c539,,
bb4461fc-3201-41ee-bd98-aad76557737d,,
36ffbe4e-7cae-4fbb-abb1-094163b95aa7,FN,02076528899
a068674a-cb1d-4b8e-a56d-8067fb510d21,,
f2336e36-f6d2-4d58-8bac-7a23f0ed7ab7,DNI,27656720-O
8d61e87e-5ad5-4599-99f7-85f41c1f89a8,HETU,NaNNA531undefined
92102496-de72-46eb-93fe-b89e814298bf,DNI,72973670-M
031253f3-16c4-48b6-a7b9-c23bedd535c5,CPR,250645-2010
1cfd9dc4-72f8-49f4-a466-99814d137c40,,
9bc9565f-08f1-41f1-a956-d2ea0155b933,,
ea65481e-98ea-4bb4-b978-51ca688c15ba,SSN,951-18-0056
55a11e06-f66a-4594-98f8-b1df313b10e6,DNI,91348978-P
2f965867-bbd7-4e19-b0ef-87869a0fc6bf,AVS,756.7637.3768.66
3a26e832-2d49-45e8-9ce1-48c9343ac15b,HETU,NaNNA919undefined
9a09b0f9-b7c2-45b9-876c-b357ab6562a0,,
b6af7ae3-3350-4212-9d1b-4b30e93f73f9,PPS,4571477T
67265257-7a55-4c81-a86a-3674b5328695,SSN,826-85-9581
f07cd10d-ec8c-4dd8-8d12-2c636e9a093a,,
a753c1af-e2cb-4b99-bc98-b71792572121,INSEE,1NNaN37891735 44
21c945d5-3b10-4e38-a7d4-364525745624,PPS,7295494T
b875c3ae-85f0-4880-98da-02c026235ee7,,
8a27d527-0dd2-4de0-9693-8fdc28bddd12,AVS,756.9323.9213.90
6367ed41-8456-491e-b8f2-261dcfc7cd04,PPS,9049534T
35d1f2dd-de76-43df-ac0f-650779818734,DNI,37696732-G
d36ed197-9ad3-43f4-a825-445af7b533de,,
7d0a3d05-7c13-4bba-ad1b-087630b707c2,,
d0fd44df-73d6-4bee-ad27-8fee1e0d7e40,CPR,110169-5979
ba7a37b2-c13d-467f-a4b3-bfd7f06b74dd,BSN,06775127
e802bc68-c42b-4a39-a117-d524ce9224ff,,
dd838e8f-b164-4bea-b733-dd25ec5543d6,TFN,101454430
8aa4a509-6c12-4a81-ac55-1f1e23923959,,
cd97a7aa-1418-4186-8d30-4e35f9755d49,DNI,82441863-P
35297870-6b66-4d17-8e22-0406e53eed88,HETU,NaNNA517undefined
1556e43b-b89e-43ba-9226-0d2f39e6b4b8,NINO,SP 95 49 04 D
3a22f522-d1e3-45e2-8bbb-b2ef8d643850,HETU,NaNNA448undefined
a6a4248b-3275-49e8-ab79-79c79087ad79,NINO,CP 85 86 47 T
1586719a-dba4-4f72-99ed-e933a9d4970a,,
b93ef541-9fd5-47b0-9662-46e4d92b5153,,
15d53b05-a00f-4aed-810b-a753527693a2,INSEE,1NNaN88403645 37
dc4eee66-6016-494f-a719-cb64929fa34e,NINO,TE 78 54 24 F
9ef02ab7-c27b-4126-b831-74473f0c4d88,,
bdb4b4fc-ae40-4117-a3de-c59bfa3eb3ef,PPS,1556800T
a6376eb1-cc75-4ebe-b6d4-22942dd22acc,NINO,ME 12 03 54 A
0c1b6f6a-d999-4988-866b-d98e2ebbe0cf,CPR,250962-2406
de25f9f3-1716-4a17-9f6e-5f172f012941,TFN,843365757
cfe7333f-d68d-4f1d-895a-b3d7b337837f,HETU,NaNNA035undefined
208921b0-92a3-49ab-9dae-d553b1996d34,TFN,042761147
30290479-f968-4053-b09a-0d49774066f8,,
fb571cfb-4233-490e-82e6-6c075fb12783,TFN,453185168
d3258710-9074-47b9-9bfe-578da91b868a,,
f7303b85-f14c-47aa-9035-ca0eae9e78b0,INSEE,1NNaN52801874 85
dc993a71-6375-4361-8082-ea0c1857676e,SSN,574-51-2661
0d914557-117f-4678-a449-e235bdc1c2b6,,
dbf394c5-5780-4316-b6a4-0cfd2f4b23a6,NINO,MN 49 94 63 B
f7dc7ae4-d294-4047-bf30-6760cdf8cdc1,NINO,CP 83 80 16 A
fc7eb435-ba6c-45f3-84be-dacd721acdcf,,
86f2db18-9a37-4100-8b22-8050a401acd1,,
f95555ee-f0cc-4ec7-8746-f79b8e5d5c20,TFN,973780826
51dc454b-bc79-40da-94bb-dd49a362b458,AVS,756.2517.4849.60
597901ab-4bfe-40a9-a502-0c1bb67cf4ec,,
fc05ff2d-9588-4143-85d1-9fec8e406878,,
f0ba2ea3-ebf1-4fe4-9061-9da463e66075,INSEE,1NNaN99511776 40
c39e2c7a-4bc7-4880-a236-59948b75af04,CPR,150178-4686
394c72c9-41c3-4bd6-916b-3ae75669e525,FN,17057044136
5749f5fb-2853-4b4d-899d-52a2cef07893,INSEE,2NNaN00725728 47
f1c1685d-19cc-42a6-9055-965a54517a05,HETU,NaNNA731undefined
ed70e60f-c278-49a7-9df8-eb7f7fe9a11c,BSN,73832916
320b8087-0d88-4e98-972b-b42c4fbf1c03,INSEE,1NNaN57174212 47
74912d61-d42b-49b1-8d34-7233f8a4b0ef,PPS,7468344T
00232f09-9d2d-4707-a5cd-4c8b2f70d172,DNI,64738069-T
f58c1886-565f-40fe-93b9-cc3eb8ddf76b,SSN,742-72-8703
56594c90-ddf7-476e-be54-4cc306bc2998,,
44169eb1-4acb-4eb2-a956-1c1b3a427499,SSN,868-57-5924
72c6cf80-c0cb-42b8-9381-47e9b58cf108,TFN,025278896
f62bca21-af83-43db-9925-0f7023b521f3,BSN,66101763
ee7fba3c-492f-44b4-8a81-8cdb2e6838ba,CPR,070564-7480
6319ec57-d9e3-46ed-a694-14c88d1be0e2,INSEE,1NNaN19479599 30
fafb1a50-fbc1-45e4-8568-cf3359ebe354,CPR,221197-6877
8fde5e88-e63c-46af-930d-2e9ffb1142ac,TFN,046443296
cdbc54fc-d7fd-4048-bc46-bc0284270915,SSN,691-42-1966
7808e57d-9f5e-42a7-aa8c-bae4639689be,CPR,310566-7657
87d78c30-f773-4699-8eeb-cf735b79510c,FN,07096123722
fdcc86d8-8bdc-4100-ab6b-979e247ea900,AVS,756.7578.0387.26
c613580a-0500-4ff9-8f11-1dc9933c3948,DNI,44968573-F
93e185f2-bc1e-4e5d-b4ef-6fa957e3e568,,
1eaf184d-6675-4f65-891d-2bcaf87bd412,,
4e2344b8-d06f-43bd-bc12-7d034576595d,DNI,75190548-K
d34e9ba2-0c98-4464-861d-834ddfe49c3a,AVS,756.8314.9025.42
b122f28b-44f5-490a-977f-a6ff3414babe,,
b9ce28d5-14de-4298-898f-96a89300ea5d,,
c928ba83-12f3-472c-bfef-0e8f997f77f3,AVS,756.5320.9366.50
eb40937a-4399-4bb0-b35c-92317fb7354c,SSN,079-44-9474
f785ee75-b4c6-4148-912b-369d9141ebcd,,
9e06acea-7bdc-4a9b-b42c-e24b684c9a8e,CPR,130268-1478
d4279074-685b-4e65-ad93-d100442e5578,,
b4bbb8a2-c8bd-462e-9fab-f93017fb6f90,,
f84a5197-15f7-474b-99d1-106740cecd71,,
8b3bde92-a994-4c56-9e18-c74890d02d5d,,
04966da0-a3a6-44c0-b493-bdf91c965b1a,PPS,6140358T
f4e2f525-d2a8-4292-8467-d664e34cad70,HETU,NaNNA650undefined
be583a88-19f3-40a3-92f3-d070559c6896,TFN,402499105
5111e0cd-6e8f-4f05-87e6-79e38f4250f3,,
c1df3b4d-9fca-4da4-b30a-cc221f9cd273,FN,02124834158
6aa47f52-34b1-46b4-8bf7-0c41e7c4df75,CPR,111047-8045
