uuid,date,age
9e085556-7c76-432e-809d-fdc8c8729834,2015-05-17T08:06:15.414Z,7
a5c94f90-24c9-43e5-a93e-14845d3df781,2014-02-28T02:03:13.106Z,8
0acf2549-888f-405b-a72c-0bd4a87217fa,2004-11-09T17:49:03.539Z,18
ee58b1e7-18a2-48de-9ed9-c9ddfec803f7,2009-10-22T06:55:48.985Z,13
46644a74-237d-4462-889f-84d563c854cb,2006-10-26T04:10:21.070Z,16
36047c5f-cd38-413d-889c-62299fd8ce6c,2012-12-25T12:48:43.429Z,10
8471593c-be32-440a-b1b9-c05d44f43523,2018-05-30T05:43:40.342Z,4
0ca1c342-e2ce-49c8-83e7-b889d1d406c4,2004-09-01T17:03:07.490Z,18
b735a002-86b7-471b-bbc3-dce0b0271d0f,2014-03-07T09:00:22.911Z,8
9183c96b-38ee-43de-8187-8d10cf7c3194,2003-04-10T00:07:14.519Z,19
e6670677-94be-49be-9815-00302e2a0298,2003-11-16T05:47:21.456Z,19
e11f68e4-ef5e-463f-a0ae-f1c5961d3aaf,2002-04-01T10:34:10.928Z,20
9a57f64c-8b44-4e01-b9e2-2913a390aa29,2003-08-17T08:50:18.380Z,19
06601044-7c21-475e-8440-3bdf2626d1b9,2016-09-16T07:16:53.999Z,6
10d554fd-6471-4820-9fba-2bac9140e601,2003-10-17T09:34:08.949Z,19
d542a185-3fa3-4496-b669-777f17a98f4e,2010-02-01T14:59:25.778Z,12
71efcb95-4861-4fd2-b4d0-0105666ea791,2015-08-29T04:21:19.800Z,7
ee64829d-c970-4a86-a8cd-a825553cce81,2015-02-08T05:14:43.396Z,7
001e2961-92ae-4964-8711-5d7c69843a2e,2010-03-04T03:13:21.206Z,12
1fb402a3-1d27-4abf-bbc7-ae65f8f4bfba,2016-05-01T12:38:50.905Z,6
8925226e-fb8f-426b-a909-bb74d51a1fb6,2010-01-20T03:33:18.739Z,12
0562150f-ae02-4a3f-b8f2-6caab232fcba,2005-05-24T02:27:44.251Z,17
d1814671-8544-482d-8ced-2b17d902eddc,2017-09-28T12:40:29.220Z,5
805aff76-b989-46f5-a852-3b14ad7ed42d,2003-11-27T14:10:56.569Z,19
dcb852d3-ec00-4bf3-8ae0-48b190dabd55,2003-09-18T10:01:00.569Z,19
d6355ff1-a2e7-4d96-9b83-4dde91b43460,2010-04-29T14:44:40.584Z,12
e25f1b47-685f-4bcf-bc4b-f38e1a84de5d,2009-10-01T14:15:32.462Z,13
cba73507-dbec-41ef-9f26-a223ccedfa84,2009-09-04T09:55:52.569Z,13
4a40c364-c85a-4e72-a9ae-f8281ead317a,2017-09-15T05:28:12.535Z,5
059ea816-ad2f-4f40-b57e-ff35d0114df6,2006-02-16T05:12:52.236Z,16
46b8781c-358d-460c-8197-41f6ee6261c8,2006-02-28T15:54:30.301Z,16
34404066-f915-4c48-a475-4dbaa198b2dc,2003-10-21T13:07:05.481Z,19
23952a7d-1922-447e-a0cb-111e7126b9d0,2018-09-22T20:37:00.284Z,4
8a3ec85a-a491-42d8-bf88-64cb61556f58,2014-11-23T14:35:48.721Z,8
358e51b4-9589-4831-923a-ea3d03194315,2016-12-09T10:34:57.715Z,6
c8eee2ca-6f73-40b9-8a77-8795ceae489a,2011-03-01T00:07:45.665Z,11
60f89401-28f6-46b3-999b-7d542fe4ea51,2003-04-03T18:56:44.018Z,19
90c5cf27-f0f1-4b9e-be80-441743fd812a,2008-01-21T01:43:12.506Z,14
ddc5293c-fc59-4d27-89f3-ba1e8bc3b7fb,2013-08-12T18:10:23.352Z,9
7acc5fa7-2590-442a-8628-0bc066ac2d53,2010-12-16T03:11:15.402Z,12
96057625-4fce-4e87-9874-10c2be33648e,2005-11-07T23:24:36.329Z,17
e51262ab-c924-480f-9573-dddcc972089b,2013-08-03T12:33:58.513Z,9
c5c6a0b6-9e7f-4a70-ad9c-15780d1844c1,2005-07-28T04:13:20.855Z,17
827df88e-7649-45a2-af4a-17e41830bda3,2005-07-12T04:04:04.363Z,17
129dab64-9878-44b2-8f12-1ca8aac3edfe,2013-06-11T05:11:56.129Z,9
5d66c19d-6346-4d93-9eda-a2c928cfec1f,2017-01-16T18:59:58.566Z,5
842ed121-fcc0-4c1f-b91b-7f48832942e5,2012-07-07T16:40:52.365Z,10
e381919f-11f6-4ae2-b043-5b622757c1d4,2017-10-20T10:13:16.617Z,5
79de1aed-a74c-41f3-81b1-ab80a53188f6,2014-10-27T02:56:56.149Z,8
3277df06-4d50-4d32-83f5-45c0aa526e6c,2012-05-10T23:23:35.174Z,10
6596e7a5-a94e-4b6b-9650-c3d7d730de4e,2007-07-14T15:12:34.279Z,15
10d03242-f110-48bd-a989-197e9563c6d7,2011-10-08T03:11:17.877Z,11
830233e2-4af5-4fdb-9ef8-fbe25ae8ba96,2009-05-08T10:04:25.960Z,13
92bf512d-ff06-4405-a5c2-3de5f89cb1a0,2002-10-09T15:48:59.636Z,20
d10ab5bc-e178-46bf-9d76-6e24e0141232,2014-03-01T18:25:18.745Z,8
e46ca226-aa89-4790-a196-75f1783d1ab0,2007-12-18T18:23:40.179Z,15
844336f1-659d-4067-a474-26b44c6cca38,2005-06-05T17:20:56.474Z,17
e5bbedb9-2c29-4b03-a4a1-d16babc7e1c9,2013-02-07T03:54:21.489Z,9
dfedf468-9561-421b-9ff1-ff73b3f11840,2010-06-11T14:48:08.838Z,12
c640653a-9168-4640-af3a-63cdcb822aa0,2010-06-22T02:14:21.348Z,12
85e6dff2-b6ee-49d7-9c8a-a22ff10da522,2010-06-14T03:10:19.383Z,12
2a035a67-7830-4209-b589-ee184cd8dbf3,2010-06-26T23:22:29.380Z,12
bf2ae67d-e052-42a0-8239-2bb45b8e0484,2011-03-06T06:29:24.653Z,11
ed20bc3b-df2b-4ca7-be7c-6562fffacd09,2018-08-30T14:41:31.502Z,4
8babfa24-9425-4e38-91b7-312eb2473813,2004-02-27T22:18:21.357Z,18
73847547-975c-4e6b-b93d-ab6288e1cbb4,2005-04-04T02:43:09.297Z,17
0a52540e-b2c7-4585-ab51-f7e2a638eda7,2011-11-07T22:56:09.199Z,11
f1a3005c-57a0-4d89-b21c-f85a8c5f8a13,2017-04-19T00:54:20.111Z,5
c36ebe09-7b06-4276-a8a2-70ed2f205782,2003-10-03T15:25:54.224Z,19
525362fa-59c1-4526-836e-dc13da7514eb,2010-07-04T22:54:29.202Z,12
1feb4c64-c40f-410c-8967-71ea43b4e4ed,2015-06-10T01:36:56.154Z,7
2f3a8744-bbf3-44d6-8492-d514ff144135,2016-04-21T10:05:17.619Z,6
b7216842-0aed-4d18-b121-2b3e0244ee36,2004-06-04T23:56:24.766Z,18
bd0f530f-de54-4d28-b0f4-a1eaa06033e0,2018-10-02T19:39:46.637Z,4
101bc65f-0a0d-4bce-9f2a-e16786c0aa33,2015-05-08T05:15:46.269Z,7
dea001e4-e0d3-4560-a843-8530ca699287,2012-09-12T16:01:43.863Z,10
d27be96a-a39c-47c2-8df7-64866d9d84b3,2013-11-10T13:29:03.649Z,9
7eddfeca-e2c4-40bc-b879-e0ca278aa8a3,2003-12-04T12:39:42.873Z,19
3a11e54d-4dfe-4ded-a02f-439ad875959d,2010-05-14T04:41:47.117Z,12
76d46e45-d976-44f3-a56a-872fcdbc8350,2004-03-28T20:08:14.359Z,18
6501f1a7-42a3-4fab-9da1-7e26d680439b,2014-02-14T19:53:16.178Z,8
e28052e9-4b41-4695-8f8b-fa7216baf83c,2012-12-11T08:00:23.556Z,10
8c0346e7-e3f4-4846-b6db-2781fc95d860,2005-05-11T08:59:04.646Z,17
5b2babc9-db53-4a51-ba56-3babda23381b,2004-07-07T13:24:14.863Z,18
336cada3-e614-4435-8926-cc9de62603eb,2011-07-30T14:32:29.771Z,11
9cd5c1d0-12fc-4535-8cd1-ff8363adbf35,2014-05-13T02:12:24.367Z,8
48e67a6a-146f-44a4-acc6-c07bb606bec1,2016-10-21T20:31:30.179Z,6
2797ae5f-0127-4343-a17f-71cfaa1b3902,2004-03-24T13:53:46.353Z,18
b4e03627-4593-4031-a0bc-acf5c98f6faf,2014-02-22T21:06:48.387Z,8
67215949-20c4-4157-9e63-952087684b3a,2019-06-26T19:14:00.768Z,3
6a4743cc-2bdf-4b9b-8fca-c7825357b2ff,2016-03-15T04:24:20.074Z,6
2dabb8b8-46e6-45d5-83ce-4ebe293e88f5,2003-08-20T11:14:05.924Z,19
db9bed33-7cef-4279-a922-d068f4e244fd,2014-02-24T05:41:12.472Z,8
1b616414-3f88-42e1-b5ba-456d88975d58,2019-02-01T14:45:30.092Z,3
4779e643-6d6b-47fd-a086-c6b771c0807e,2009-07-22T04:49:07.883Z,13
82e77d9f-135d-422a-b14f-8df20d32c07b,2018-06-25T15:43:20.457Z,4
c18872c8-b8f1-4e35-97b5-42395aaf586a,2002-08-01T07:48:01.229Z,20
886d7830-49a9-49b9-a7a8-3bba20452d3b,2012-03-06T21:46:12.647Z,10
e749bace-8f1b-4438-820d-90413c6baa57,2011-03-06T16:21:07.880Z,11
38556283-bf03-4f0d-9a92-a2524e760576,2009-04-09T06:23:57.603Z,13
9a80ffc2-f9a7-4d5c-bc13-7810ac820339,2011-06-02T23:40:20.787Z,11
b3840ba5-bd38-4557-a115-67f6bcc4e528,2010-08-10T00:35:11.126Z,12
0bf6de11-92dd-49bd-87cd-c116f959e0e2,2016-11-06T17:10:03.470Z,6
d1fd7baf-e311-47b1-b8c2-1968970d2ec9,2002-05-04T00:50:59.367Z,20
89b67001-4332-40f2-a6d6-d1636cd3fa86,2009-05-12T00:09:04.971Z,13
2e485f5b-8d14-4a55-ad4f-593375b63c9e,2013-02-08T03:32:22.542Z,9
5c2083f2-ddcf-46ad-81c5-9b4b57d862f9,2013-06-11T04:58:08.976Z,9
fc3093f3-c713-4791-9cd7-81a4b8d0d422,2014-03-17T21:29:32.757Z,8
8104f221-6a1b-445b-a465-80ee74c91e40,2004-01-02T21:54:46.837Z,18
b5b61b62-c98e-4bbb-8ba9-ce220377dc45,2005-11-11T22:09:46.768Z,17
2c2761fa-4c4d-494a-ae48-35b06df4fb65,2016-10-15T02:05:58.808Z,6
b712b7ab-f7d0-433d-ba99-6cf1d6a080d9,2013-09-19T04:11:07.073Z,9
fee1d5dc-435a-40fc-bc65-09be0e5e85b5,2007-02-06T11:43:19.870Z,15
b3b63655-9a36-4f8c-bfd6-6ee5da98bfe8,2017-05-22T21:56:53.996Z,5
6a496a4f-ad49-4ddf-b29c-6ec580bfc334,2011-05-09T06:41:05.016Z,11
7f0c8385-c182-427e-82eb-170b6937c682,2014-10-11T21:54:36.800Z,8
39516bf3-a75c-43e5-b97a-c30bd633282e,2009-09-26T06:21:11.588Z,13
257dacaf-72d7-4c46-93f5-180bdddb66f7,2017-11-08T22:50:22.230Z,5
e89402b9-ba34-43fa-a083-f4bf5f210051,2008-01-17T23:26:56.183Z,14
9bcd8dde-81f4-49b2-8100-70475f163d39,2012-09-02T13:56:43.827Z,10
dc67dddd-b9d0-49c8-9835-aff4dc7a2afc,2015-11-23T06:20:56.517Z,7
dc2740b0-dc05-4101-a025-559386597b86,2017-03-03T09:42:34.197Z,5
9564a1aa-8d92-4a13-9bb4-378589cc5350,2018-09-04T10:01:53.275Z,4
7e729d74-b0ea-4b3c-894e-9bfa7081b82d,2004-09-16T17:22:00.075Z,18
9dd711c2-b154-4a2f-97d7-9c6f5e032356,2006-11-21T02:20:54.996Z,16
de89817b-238c-4998-843f-faa9c8ea65bf,2014-08-18T19:37:36.061Z,8
c0613200-51b5-4468-b656-0f6813a564bf,2011-03-02T05:11:23.975Z,11
e2a1c94c-361b-41e7-a66b-229984f1e4b5,2012-11-17T07:11:27.024Z,10
818eafde-23da-49a5-959b-70fc56f06090,2002-10-30T05:14:35.245Z,20
cbde87e2-f1d9-47f0-b697-1ddc74a0ca57,2014-08-11T03:10:15.818Z,8
8b637fdd-a29f-483e-b75b-b95914faa508,2019-07-26T01:36:04.587Z,3
e96b8370-8ba0-444e-af06-322b77a21f67,2012-04-24T12:55:20.840Z,10
ad5baca3-80cc-4a34-ba74-a6e3d37d96b6,2003-10-10T01:35:24.305Z,19
0c9e4685-69d1-4696-bfa7-d618f8af858d,2005-06-30T18:14:16.036Z,17
590b9263-d270-40fd-90ac-f72e1872027f,2004-06-07T15:56:29.270Z,18
ae3c72d3-a623-4527-a39e-4c5d7e98abb6,2015-11-22T13:58:59.726Z,7
7fe13d5c-4289-4cbf-8f75-a4a45647cb0e,2007-04-15T16:52:02.436Z,15
0eebeccc-bba8-462a-8317-79b2eba79426,2016-08-20T02:32:00.726Z,6
a05c7866-e158-4f28-bbf4-8bfe4488f9f9,2008-07-05T04:24:20.693Z,14
b8a20193-4dca-4ddb-b9ee-0a354865987a,2003-02-26T03:53:13.272Z,19
b978314f-a57c-4e81-9d8e-e4b713182efd,2005-02-03T13:54:48.538Z,17
11bd60a3-1618-44e0-afa3-2f8dcfc40f42,2004-09-24T19:32:44.319Z,18
eabd79e0-8ec9-4e38-97ed-30b79bb035b7,2005-12-23T01:07:10.573Z,17
b00fda18-d4c5-4d1a-8c72-33f3e06c7568,2012-07-22T03:42:52.111Z,10
a082ebba-de5e-47e7-b742-3dd938ba32fe,2006-12-17T14:33:44.016Z,16
8ae7da45-b69c-489e-b669-69696ce8195c,2017-01-05T18:22:10.077Z,5
38069a23-9761-4110-9701-b1e0ca3be2e0,2019-01-11T22:09:35.859Z,3
746f2108-8aa4-47ec-b35f-e330dd9a0766,2005-04-10T10:03:25.358Z,17
968e98cc-c4b1-4a1b-92c8-a4f7d7ef5634,2005-11-03T17:32:50.224Z,17
563417dc-62b1-4c9b-91f7-d3f873371501,2006-11-16T02:42:04.395Z,16
66684097-2971-4d9b-9ce9-4b6f46721e25,2010-03-05T02:06:59.591Z,12
5568a998-4613-4324-a6b1-f971b5ed552a,2017-07-15T16:33:21.109Z,5
69dc6a88-4420-4efa-8a5f-3580154eb841,2017-01-12T00:58:22.903Z,5
84749fe7-e923-48cc-ae45-d3f6c84a85ca,2012-04-10T13:48:19.276Z,10
612d9f51-ef83-4c49-88b3-365251313e56,2016-08-01T17:07:54.707Z,6
ef0ab47a-ab41-49e6-91e8-20ed22fcfc76,2012-08-29T23:16:11.798Z,10
9151c78d-8ef7-4269-83a7-d9ddf1c3c1f3,2003-02-13T10:09:58.767Z,19
9ec0988c-d582-419f-98ec-bf33caf58260,2006-10-19T13:03:58.436Z,16
d198e7f3-3799-4136-9105-d9a9970f401c,2005-06-19T01:49:51.213Z,17
c93826ba-aba2-4e81-bb36-4a94a2b71667,2013-08-30T18:03:49.847Z,9
604809f1-ef26-4e31-97de-fadde07c913a,2016-06-02T16:02:01.844Z,6
13d8b69e-31c2-4b93-8e19-80c120bff3d0,2018-06-22T10:40:01.516Z,4
85dfc953-4d11-4afc-9112-f0319d88a7ff,2013-09-14T22:33:54.710Z,9
70a45fc0-b4e5-430a-ac95-171a2720b7d6,2014-10-25T16:38:09.150Z,8
5a6db675-3a4b-4efd-83c0-360e6015cfbc,2019-06-28T10:48:09.968Z,3
2ab8d917-67e5-44f5-8f98-c2ed1e3337e8,2016-06-26T11:42:42.043Z,6
0b78303f-020d-4751-866d-cbcf53d55a1c,2011-11-03T22:59:01.915Z,11
80880723-9228-4d54-8c8e-b6d4ac91a042,2015-01-04T21:56:35.272Z,7
af86f783-2746-4964-8221-addceffb8c37,2016-11-30T07:20:01.908Z,6
b4e39ecf-3467-40d1-8a4a-197bcd410275,2017-04-14T03:18:46.010Z,5
7a17aa1d-474d-4a5d-9cc2-18276aa6a530,2003-05-18T04:03:14.112Z,19
dbb3337c-f280-4422-88f2-b322faac2d44,2007-06-05T00:04:19.205Z,15
4804de27-37ff-4ca5-9536-afc46ebe6860,2011-07-14T01:49:32.581Z,11
867b98b6-6983-4916-8724-fcd2dd3618b0,2016-09-15T01:26:31.194Z,6
893a284d-b97c-4599-994e-7177db6b7e59,2010-01-27T14:00:56.557Z,12
3d7b84cc-295a-4087-8820-19afdf4444f0,2004-07-24T22:01:05.017Z,18
d8998cd6-1181-4a32-b02b-3a8dfec79d61,2007-08-19T10:07:58.010Z,15
71318eea-9313-4979-a13a-556856de1e90,2019-01-13T22:16:21.069Z,3
0bba56be-e041-4a5c-9efe-6fc3ee982f1a,2019-03-19T16:34:52.024Z,3
080fb055-ec96-4e65-ad42-9a3bde850eb0,2015-05-05T04:25:21.280Z,7
c3656279-9b96-42ad-8cef-bfdef5c4b17e,2009-05-13T04:01:26.076Z,13
01193f2b-7ca9-4ae1-8188-569636841032,2004-11-17T18:22:21.728Z,18
754a0231-aea0-49b3-81f1-c3a3d3ef7133,2009-05-29T16:22:48.418Z,13
976ffe33-f9dc-42c2-9230-0f600d42742d,2016-11-12T08:43:12.052Z,6
4be102c4-62de-406d-8d21-9ca3d0305092,2004-05-07T13:04:22.127Z,18
4f703e3a-b4b4-40d4-9826-e27c3cac200d,2005-07-07T15:28:05.829Z,17
0a274b3c-e81b-4cda-bb30-aeb292edb49b,2005-11-28T06:23:44.501Z,17
1dc7b355-1a2c-4646-8717-56680b6499b6,2017-05-26T11:28:17.777Z,5
97be722c-c09f-46ae-923c-a8dbc3815e6e,2017-05-18T10:54:36.808Z,5
00459906-e9fc-4b4c-8500-05c0c9b55b10,2016-12-21T12:23:53.596Z,6
bb604ee7-b013-4123-8805-aa8531a85de4,2004-10-07T13:58:10.733Z,18
6108d6db-5992-4792-ba13-9ad37e59e914,2017-11-28T21:51:33.149Z,5
19335fa5-5047-41a4-b001-c6625e9e89f3,2016-12-24T10:31:26.546Z,6
dd6a8b06-4576-4c9a-9d29-e12c2e048ab1,2016-04-24T03:16:52.455Z,6
af572850-7472-411b-bf07-a23b8aa93d88,2015-10-25T23:38:44.947Z,7
250ef933-9a22-431b-b54f-206ee428b1fb,2015-09-10T19:26:19.871Z,7
715085ab-b8f1-4a3e-9ad5-e5a40b34dd32,2012-02-27T23:28:52.861Z,10
466d59e4-634e-4d4b-8dd2-00c95b023502,2015-10-31T13:49:21.679Z,7
b4a2d54b-7c6f-489d-a047-4cab41a3fe24,2004-06-20T00:49:11.707Z,18
f8ddef39-370b-426e-92dd-7dca77beee83,2009-08-11T13:30:21.903Z,13
02425744-6826-4193-acfb-698ef5ed9d47,2004-12-25T03:02:45.645Z,18
f55d99da-70e2-4b76-8b04-c9f80dff6b52,2008-12-01T14:51:35.749Z,14
143622b9-0099-4733-9b74-ad4977f4fa4e,2003-09-26T07:59:20.590Z,19
456778fd-b415-489d-bc6d-bf0ab6084b60,2008-06-02T17:05:30.339Z,14
910d4cc7-c6c3-43f4-9955-04ac4a31676a,2014-07-11T04:17:32.720Z,8
cc8be84e-22ba-44ee-9cbd-d2cd69a1a70d,2009-12-06T04:46:06.467Z,13
74a78250-3e7a-4f4c-81b0-271ad3aad894,2013-02-04T07:31:14.413Z,9
cdddf15a-7f85-483d-869f-58d5320b010c,2010-02-12T06:29:37.749Z,12
d97ee124-cdc6-4cb7-85dc-d156b3e0575d,2011-11-10T03:23:39.788Z,11
11f41730-cd95-4eac-bc97-430fd2d7fedf,2011-10-13T06:24:43.596Z,11
6d166408-56fe-47be-8342-b1c808a11f5b,2007-06-16T05:39:43.619Z,15
800b1f71-201a-4ee9-830c-2f0a3eb713f4,2004-01-31T14:37:24.412Z,18
1c9ad0e8-9b19-4617-bdaf-1c33633a8e1b,2006-02-18T07:06:33.255Z,16
b267888f-0d78-46cf-be95-78ef2edf7367,2008-09-25T07:10:14.365Z,14
5e668866-6e80-4879-b134-9b5fcc5c26c5,2002-09-04T02:31:26.494Z,20
2cc74b83-8504-44ad-84f1-5eed8bee9b56,2013-01-10T00:31:45.812Z,9
fe9bcd38-dc79-4e2d-9c96-137efbf4e88e,2011-08-31T23:54:09.519Z,11
28f3e427-1c2e-4d75-8ced-6a4c9bc7c9c5,2006-11-30T04:26:01.757Z,16
a683b691-9eb2-47ce-ad55-4af7acd90500,2017-03-23T20:26:59.054Z,5
4960b663-acf9-4190-b138-f8490d04c115,2018-01-08T10:54:20.031Z,4
c8d6624f-5e57-43ba-8285-d46fd09af20d,2016-07-13T20:19:18.555Z,6
9aa64cc4-1ed8-496f-bf0d-1a9be07a14fb,2017-01-14T05:28:54.573Z,5
cca00ff2-ca12-4e36-91d3-3c9e01796929,2017-04-16T05:31:18.042Z,5
223052c1-b1e1-46b2-879f-0831ec77daec,2007-02-15T01:44:41.036Z,15
e22a02e8-9e77-4afc-823f-8c9132264eea,2008-12-05T06:05:45.918Z,14
08af77ca-a0dd-471b-9446-7ce30fcb912e,2008-12-12T00:15:24.396Z,14
6c783015-b254-4b3b-9646-a13ca2646051,2014-03-06T19:42:51.977Z,8
7d8f7d73-88c5-457b-8404-7fb7b3ac38e5,2007-03-22T14:16:53.209Z,15
43c5171d-1453-482a-a0d2-4b3da2b668d5,2010-10-06T09:27:55.318Z,12
8959ac8d-2f49-4a35-99ff-43fa41b6ccd6,2005-01-26T15:48:30.526Z,17
4ae49f49-d84d-49d3-ab4d-cd04deaf1b8f,2012-09-12T02:39:25.801Z,10
d4023207-c09e-4336-9bf4-7afd0592f70e,2018-08-20T22:09:41.956Z,4
d04cff16-4146-4d8a-af5c-ab97b6262892,2011-10-24T16:18:15.860Z,11
b636bbea-11e9-467e-949a-46151bf46c48,2006-03-28T09:00:03.451Z,16
f75458ea-faf7-4a6d-84e5-be4759a30c97,2005-04-20T06:56:12.381Z,17
0752d637-2913-47ac-b87b-9779dd359c4f,2011-05-29T15:59:32.104Z,11
ae75478d-93eb-4786-9013-2add43df00bc,2018-05-08T17:05:40.997Z,4
ce0a251a-2912-46af-9e5e-0e3b00f79ebf,2014-02-06T04:20:53.640Z,8
def2fd0c-a2d8-4faa-a63c-0dd7a22475b6,2017-01-24T10:01:02.764Z,5
20918506-7fe4-403d-907f-f81248a48417,2008-02-24T13:14:08.276Z,14
e9c4bf80-cced-4112-9d2c-0f87e28c2a0f,2005-06-21T07:43:41.063Z,17
c2a05189-ea94-4687-9025-a47cc0cc68ea,2016-10-31T17:21:27.189Z,6
b472fd56-ee8a-4177-b57c-e9f96f3d94e0,2005-05-12T06:41:37.666Z,17
7045cb63-c4b9-44e5-a3a6-0f9fa71d40df,2006-04-29T15:04:47.537Z,16
e046dd42-df3a-4afc-a90f-8046a829d52b,2011-04-25T17:53:13.650Z,11
58a878a5-302e-48d2-b3bc-ffb0b580d7db,2008-05-15T01:03:27.437Z,14
a48435b9-7686-49ce-afca-4f56babe4ba8,2016-12-27T16:44:27.454Z,6
21c4398b-c7b0-4478-8670-32f100eea505,2007-12-08T06:02:36.304Z,15
03bd3c4b-0003-41d5-820a-161a113cf90d,2014-10-28T22:59:34.175Z,8
26e6981b-f2c5-4d9c-9c05-47942556ba5b,2013-12-27T08:08:55.235Z,9
8a76dd15-5dca-497d-855e-362b79fc6a6b,2006-05-03T11:06:56.283Z,16
385969d5-b7f7-4428-beb5-114803ad9566,2006-03-02T18:57:50.070Z,16
381ca45a-40e5-42b6-a06c-9a95257d8cf2,2004-04-06T01:24:31.641Z,18
e6f2e24d-7808-464d-9b9f-95e35f5b0e11,2015-11-06T04:18:44.533Z,7
9b1b308a-1fab-4e53-8192-ae4344c59541,2018-07-26T00:16:40.022Z,4
d3f94264-72e6-43c8-874f-27ea97c92493,2014-03-14T12:04:11.861Z,8
08de9851-157d-473e-b997-61cb129b6866,2012-02-07T01:25:33.778Z,10
aac7437f-d462-43f1-9bc2-e4eac8cb41fe,2012-11-04T23:52:32.367Z,10
3ea10d35-f305-4986-8f11-993c8b2f4e73,2011-05-29T06:17:35.490Z,11
ecc010f7-5b9c-447d-9cfd-4c6eb370fa75,2018-02-02T11:27:11.412Z,4
a1c00b15-a1b9-4946-b79c-866125332a9f,2009-05-30T15:49:54.132Z,13
d2c28a97-867f-43e7-86dc-357da2d39d62,2016-04-23T03:42:48.081Z,6
ae2a9567-8066-49fc-90a0-316920c20169,2010-11-06T17:03:42.996Z,12
7e0a03e8-df18-49aa-b10e-c1f2fe122266,2003-06-10T04:21:08.907Z,19
718f6519-368d-4cc4-898e-d0420c453a4f,2010-07-30T10:51:23.432Z,12
1ab8086c-24cb-43e4-86ef-2839997c37c8,2007-04-06T05:21:50.513Z,15
5e297910-f92c-48bb-9eb5-fb6fb4e29fc6,2010-09-28T22:09:41.731Z,12
211408cc-20e5-4035-9b1e-3a76f2fd0348,2002-06-11T18:45:58.430Z,20
1f8155c7-b073-404d-8d74-4cd480b6e3f4,2016-03-15T10:36:41.312Z,6
15dcf4c4-69bb-42ce-a7ae-2e2781241678,2004-02-26T17:04:21.427Z,18
ae51d13c-7184-42fe-97eb-ed3c2e26db14,2005-11-13T17:30:34.249Z,17
499fc44c-fcfa-4e7d-b12e-828d11ae0742,2014-07-20T02:10:55.670Z,8
88657ebc-7532-46fd-893e-d79d8b197643,2011-07-22T21:03:30.699Z,11
04a1ccec-83c0-4c28-b76a-2c07d2f63827,2009-12-16T02:09:33.896Z,13
e27e829d-23d4-4e46-9df6-626b183c473d,2011-03-21T15:45:47.323Z,11
1c3c22d7-d413-4833-8b78-4d97c231b1e8,2007-01-15T12:32:21.502Z,15
2b9e88cd-55e9-4ef4-852c-8d4d30d37a67,2004-06-22T01:18:33.670Z,18
8009be0e-b37f-48c5-bb1a-9a6f026494d4,2018-06-19T21:33:41.045Z,4
0c1112c0-f696-474d-857e-7e8c1dc8e9ce,2008-12-02T16:26:29.005Z,14
6b0bd4d5-7294-48d7-84da-454c5220332f,2003-03-17T05:07:57.968Z,19
22eda906-3bc8-494f-94dc-3bfbd8b544b0,2008-12-10T05:19:40.642Z,14
9ea15827-6a5f-462b-b0c6-af5e0459285a,2006-06-28T11:08:40.383Z,16
83413f54-6b2d-4c5f-ac1c-0bd3087417c3,2018-08-06T08:48:55.082Z,4
bd1c7f6a-9590-4cbb-86f8-f13aaf8b1d74,2013-05-01T13:53:55.246Z,9
5f3bb7eb-6e6a-4ce1-94bd-a8d1b604cc5e,2004-02-26T18:49:56.026Z,18
44103ee1-409c-41cf-99bc-58cb529902ae,2003-06-17T10:13:27.862Z,19
02339ce2-6000-4409-bfe7-26417bdf8477,2010-12-04T03:38:19.854Z,12
6bab6221-be36-4f17-9aa5-a9eb06781a40,2008-11-29T06:29:56.816Z,14
eeee58e6-fae3-49e3-b3df-629644a40c19,2018-11-03T07:47:13.488Z,4
82482e9d-c3a5-4b2a-8fa7-4ae8b824f648,2005-04-01T02:50:12.816Z,17
d3570fce-a6e8-46d4-94ca-791170a925f0,2018-02-02T07:11:29.379Z,4
86461bdd-1c8f-4a3b-8794-e882fffa42c5,2002-04-07T02:10:47.359Z,20
6f843b30-7270-4a25-8921-a8bca6620907,2018-10-02T07:34:32.755Z,4
0f25252b-7b80-472d-b629-9b292ba69c52,2007-02-06T05:32:54.076Z,15
203b0115-1bcb-4e93-a411-3d0dffed544f,2014-06-17T09:40:37.862Z,8
950f5a77-8628-4ff0-9ace-fc90731e1f44,2011-01-18T20:57:30.691Z,11
ff8716a7-a39b-46da-bc58-8b56fe216e24,2008-08-18T07:29:19.354Z,14
7ecdda80-a81a-4b0f-8a04-185735d23af8,2007-06-29T22:41:50.404Z,15
3cd5001f-eaee-497d-9c3b-f15e6cacf684,2018-06-03T13:09:43.314Z,4
b2fbe42b-b34b-442b-ac91-b89c761f587f,2011-01-03T14:46:27.804Z,11
e4cb5aa4-d555-4688-91ed-83444f632ff7,2002-07-21T13:47:26.765Z,20
34f302f2-047c-4a3b-b546-545f3aa56386,2002-03-26T14:06:28.532Z,20
bf6c6836-3a46-4d36-ae42-e4ceb63ed294,2006-03-31T18:36:58.424Z,16
8e7bb500-c239-4f79-9826-e041f4ea0b60,2008-06-05T10:41:56.290Z,14
c3141342-7ebc-45f5-8050-1b4aeaed140e,2017-11-12T23:49:32.024Z,5
d2083ddf-0278-4ed7-a13e-04bd3a069aea,2015-12-22T02:44:21.667Z,7
4d136fbf-4da1-479e-a89a-565a5dcd12f2,2015-01-23T02:51:46.983Z,7
59ff5b94-d180-4601-b900-0c7c77067123,2010-11-18T11:49:07.122Z,12
7827c1c6-ddd4-4782-8923-9dcbe4d89489,2002-04-09T19:58:52.021Z,20
011b9aff-a064-4e1c-b013-b71238b03a98,2009-12-30T23:56:27.721Z,13
3bf6724f-e1c0-4ec0-826a-6e7239c62dee,2015-04-29T11:28:25.431Z,7
11414ac5-2950-4210-8050-5c98943b47cb,2018-08-06T00:45:03.905Z,4
6b89eb7d-54c3-4bd1-8dd0-cffc8252d5f2,2017-08-24T19:25:27.187Z,5
0954b9ac-fc1c-4ec0-b30b-f0d52cdd7b79,2017-07-06T07:22:07.639Z,5
7fa661da-ef0f-41d2-b9dd-5bac6df9be86,2018-10-21T12:53:25.535Z,4
613d6d7c-bdce-439b-9ab2-f01d32b602f1,2005-08-28T00:16:27.926Z,17
c62cbf0c-9d40-43be-acbd-bb45e67e3b4d,2003-02-23T19:05:54.190Z,19
fc25c4e5-6041-4674-bde9-d3be5a32458e,2006-05-17T21:27:30.967Z,16
42bfcc93-9bd7-46f3-b229-2909c54d6f63,2012-04-06T15:15:37.870Z,10
95d39a31-f18c-4d6c-b920-56e1a8f37396,2011-01-10T03:57:56.768Z,11
719817e0-82c5-4d47-918d-73ded5ad5e8e,2004-03-30T11:02:11.984Z,18
abd41b8c-eb62-47db-bc6d-50f7d2eff4ad,2010-01-04T20:00:34.066Z,12
f3a8423a-c1b6-47b4-9e04-a0cdf0733a52,2018-02-22T08:05:31.703Z,4
dd723e7c-276e-4e60-ab1b-5338ca0f7e28,2018-07-30T11:54:41.218Z,4
b3113f35-e1f1-479e-bf0e-b44fa0d00361,2004-08-29T11:02:05.756Z,18
e9594260-1392-434a-afb6-2cc731e51f7b,2018-05-20T19:19:07.530Z,4
fb1acb5d-6108-4dc0-a226-18f6f436d27d,2003-09-17T03:31:06.857Z,19
506bfe29-b6b6-474b-8251-6005e3c26cfd,2015-04-06T20:43:38.937Z,7
5f0c9213-bd08-4bd2-9fe2-7b2884198e9b,2014-04-02T16:14:31.270Z,8
6259c6d2-4cfa-4340-a246-c0b55d10d04d,2014-12-02T16:33:47.427Z,8
d92731b3-c746-4f79-aefa-d8405dfac930,2009-08-21T06:44:16.666Z,13
e1603e03-f29b-4bb4-9919-2cbf98807ac2,2011-05-26T10:27:49.308Z,11
61ebca0b-6036-4da2-ae6c-1def35e73b69,2007-04-18T17:06:40.071Z,15
84e630de-d2f9-435c-abf0-cc7cc3b81468,2006-03-01T04:07:02.148Z,16
1caa9dad-8bfa-4947-81a0-abf37f51c5fa,2014-02-14T06:47:58.575Z,8
749b3383-c824-447c-a8e4-b948f980c66d,2014-04-23T09:28:02.638Z,8
ecec2c00-32e6-4096-a144-efb67195b43f,2010-05-18T03:48:46.431Z,12
2480a7d0-6dc8-43c1-b142-12741c4e7f97,2004-02-24T16:26:14.756Z,18
0a036baa-4e6d-4a1d-b77d-bec9accecf79,2002-10-09T15:56:01.385Z,20
23c41951-1fb5-4359-b6af-f78dc0bb79f0,2012-04-26T19:16:41.393Z,10
ea0c452d-c659-494e-969a-938799f9d308,2010-10-03T01:03:02.210Z,12
304be95f-f5b1-4cec-87ee-703cfc8b51de,2005-01-15T21:00:49.816Z,17
3698595d-fe34-4e01-8cd8-d59702db038c,2004-06-13T20:52:47.394Z,18
5c144f67-cd42-48f8-9aa7-41268d75db9a,2005-11-12T17:17:17.759Z,17
2d300380-ad56-44c1-a13a-52ba0268f0d1,2012-03-05T02:12:52.015Z,10
5de79864-1ae8-425d-8c88-30838410bb27,2008-10-08T21:46:02.286Z,14
866eb441-5b09-4254-855d-0b0b9892c554,2017-08-02T19:23:18.302Z,5
14582580-dda2-4bd6-9411-65ba833329e5,2011-02-04T18:48:22.932Z,11
2889c320-b98d-4ffc-b9bb-258472fd51d7,2005-11-29T05:02:56.994Z,17
df0474b9-554d-429f-946f-f5c252fb58c3,2010-08-04T00:44:10.058Z,12
ec2155e7-b3d4-4c20-b2f7-97e6bcd48546,2006-04-27T05:06:32.870Z,16
c6396ac0-b9f4-41d6-bd68-c1e4089fee5b,2006-11-16T06:32:01.775Z,16
29784943-92b7-46f9-9454-425c424ccc67,2019-01-12T22:02:02.417Z,3
cd04216d-94ad-4b6c-a932-bcbe36748768,2014-03-12T13:23:53.763Z,8
5c3da84b-2d1f-4828-b3b6-60aa0519d2bb,2011-08-30T11:14:23.346Z,11
69b3c077-d41a-4e0c-9c93-fddb9c419a3b,2003-10-26T19:39:19.860Z,19
423f43f9-9334-4ecf-9071-7ad704ea083a,2008-04-19T18:43:44.928Z,14
f88b859c-efcd-41e0-ba57-c1179d525b8c,2008-06-17T01:35:39.562Z,14
2f70e2f3-a733-48e9-8bbe-aa74ada0c9ea,2009-08-17T15:25:56.949Z,13
a2f26943-61db-4ee7-a6d3-1fd27bfcc491,2015-11-09T01:19:40.070Z,7
1d8b494c-e5b8-4b64-9619-07e773c9fb24,2005-07-06T12:27:07.855Z,17
7fc3be2c-7d4d-4b6a-b314-202b89fb86b6,2006-10-18T21:38:24.903Z,16
c1b743a5-73d3-4357-916c-1a93a68f366c,2009-10-23T19:49:33.250Z,13
42879b85-2b73-4683-9a45-6b3b0699a090,2007-01-10T15:20:49.224Z,15
42f43d71-e55b-432e-8985-20d51d804941,2011-09-19T15:58:41.583Z,11
acb05613-6221-4601-84b6-af4ebb60bc0c,2013-08-14T08:21:55.555Z,9
b5938c90-6f88-40b3-8c80-e28f79b6f5e2,2019-01-05T00:56:09.361Z,3
93347aab-c94d-47ec-bd19-3507fe0e67c7,2009-09-16T14:15:04.765Z,13
56a3c443-4bd4-4749-8867-06af1462e06a,2008-04-26T06:03:20.529Z,14
9eff3de5-4424-4b1d-ad47-87425f8a2ce9,2018-01-02T08:30:43.266Z,4
870e891f-50cc-48e7-b904-7838712211ca,2005-05-02T21:40:12.096Z,17
658c5d5c-115d-4a4d-8a90-bf21515cb811,2013-03-06T10:53:47.708Z,9
79dc9446-e416-4a72-9ae0-4429a38e603f,2016-01-13T01:49:17.102Z,6
00b88ba1-e80c-4e19-831b-8cd9848fbac9,2002-08-09T00:45:26.743Z,20
d7af1999-0d97-423a-86a0-c85f5309e442,2019-01-31T05:10:23.419Z,3
fcbc92b9-29e6-4122-98f4-da2dd989f803,2004-08-28T10:37:17.376Z,18
537c1337-d9ef-4219-8223-a3d0eaba98f4,2005-04-13T19:36:29.444Z,17
04b8a43e-af70-4329-b868-d320a2d72017,2017-10-23T19:16:45.805Z,5
7c53e652-aaf3-4c30-bd3d-c6760dfa2f1b,2004-02-05T14:10:20.832Z,18
212ef4a6-9bf5-433e-8530-f9bdea92661a,2006-04-21T22:44:41.527Z,16
1fa4af3f-10ce-4e32-95c2-8c41fb4f4425,2017-01-21T14:48:57.965Z,5
d47e4dab-f4c2-4422-9255-57b246f4d7fb,2009-12-08T07:37:07.243Z,13
4d72add7-3575-4232-9ba4-614e0e960223,2011-10-26T20:12:30.188Z,11
5f10c947-48b4-4bd7-a807-0a2ec4e8bbc6,2010-03-09T10:19:45.127Z,12
1e89f77d-75f2-419d-8317-f539218a20fe,2006-10-13T06:33:52.918Z,16
85b44f85-67bc-495a-9e39-4381cf7a1506,2013-05-29T18:40:18.320Z,9
1220bf3b-cd5b-4de9-8534-15d85acd2538,2002-12-21T16:41:30.276Z,20
1ff0a2e4-4e12-4b88-9310-293a3b11086a,2012-06-17T22:05:17.686Z,10
bcf972a0-1f46-40b5-a143-26f8f80881fb,2016-03-30T14:34:43.016Z,6
dcd2c268-fcd1-4484-9b86-32c1d8f14dad,2009-07-17T02:45:11.649Z,13
a50ca968-5d5d-4a7f-a520-27cdc6d576f1,2003-02-22T19:30:05.311Z,19
86b52006-f2fe-4794-a0ff-9e2ef70fdef2,2018-11-06T21:38:14.613Z,4
f83dd059-3dd2-4b02-83ec-31b668eda034,2004-04-15T21:09:12.963Z,18
fb5a9a50-94d7-48b4-8aaf-6ab2621adb0d,2011-08-27T10:01:45.929Z,11
ad5da21b-b462-4148-9927-163c08822d96,2006-02-02T01:30:15.207Z,16
d12bcb2f-1542-4baa-aa3f-5520d517abee,2009-01-01T06:59:11.464Z,13
ca9c6c68-eb3b-4381-ae8a-68854351c539,2011-12-22T11:55:22.952Z,11
bb4461fc-3201-41ee-bd98-aad76557737d,2009-10-29T04:20:09.150Z,13
36ffbe4e-7cae-4fbb-abb1-094163b95aa7,2006-09-14T06:04:09.054Z,16
a068674a-cb1d-4b8e-a56d-8067fb510d21,2002-11-20T16:05:11.755Z,20
f2336e36-f6d2-4d58-8bac-7a23f0ed7ab7,2003-05-24T00:14:46.369Z,19
8d61e87e-5ad5-4599-99f7-85f41c1f89a8,2011-02-05T20:07:08.237Z,11
92102496-de72-46eb-93fe-b89e814298bf,2009-08-10T15:39:24.252Z,13
031253f3-16c4-48b6-a7b9-c23bedd535c5,2004-10-29T10:17:11.375Z,18
1cfd9dc4-72f8-49f4-a466-99814d137c40,2003-08-29T17:42:08.436Z,19
9bc9565f-08f1-41f1-a956-d2ea0155b933,2006-06-16T09:44:13.866Z,16
ea65481e-98ea-4bb4-b978-51ca688c15ba,2015-04-08T18:08:52.803Z,7
55a11e06-f66a-4594-98f8-b1df313b10e6,2009-01-01T01:03:42.449Z,14
2f965867-bbd7-4e19-b0ef-87869a0fc6bf,2003-06-13T03:52:38.520Z,19
3a26e832-2d49-45e8-9ce1-48c9343ac15b,2010-08-30T08:47:41.342Z,12
9a09b0f9-b7c2-45b9-876c-b357ab6562a0,2009-10-06T11:38:09.861Z,13
b6af7ae3-3350-4212-9d1b-4b30e93f73f9,2009-11-16T02:51:56.304Z,13
67265257-7a55-4c81-a86a-3674b5328695,2015-10-12T22:02:27.397Z,7
f07cd10d-ec8c-4dd8-8d12-2c636e9a093a,2003-08-12T09:07:14.112Z,19
a753c1af-e2cb-4b99-bc98-b71792572121,2015-02-19T05:55:16.107Z,7
21c945d5-3b10-4e38-a7d4-364525745624,2008-07-25T07:01:28.712Z,14
b875c3ae-85f0-4880-98da-02c026235ee7,2010-04-19T03:53:14.554Z,12
8a27d527-0dd2-4de0-9693-8fdc28bddd12,2006-10-15T08:09:21.792Z,16
6367ed41-8456-491e-b8f2-261dcfc7cd04,2013-03-25T03:57:16.055Z,9
35d1f2dd-de76-43df-ac0f-650779818734,2019-07-04T07:30:40.650Z,3
d36ed197-9ad3-43f4-a825-445af7b533de,2018-08-20T23:06:40.091Z,4
7d0a3d05-7c13-4bba-ad1b-087630b707c2,2008-10-01T21:14:15.956Z,14
d0fd44df-73d6-4bee-ad27-8fee1e0d7e40,2004-11-23T21:32:48.007Z,18
ba7a37b2-c13d-467f-a4b3-bfd7f06b74dd,2010-06-05T11:51:19.030Z,12
e802bc68-c42b-4a39-a117-d524ce9224ff,2008-07-22T13:39:32.899Z,14
dd838e8f-b164-4bea-b733-dd25ec5543d6,2003-12-26T03:45:51.763Z,19
8aa4a509-6c12-4a81-ac55-1f1e23923959,2011-05-19T20:04:10.243Z,11
cd97a7aa-1418-4186-8d30-4e35f9755d49,2011-06-08T23:47:42.289Z,11
35297870-6b66-4d17-8e22-0406e53eed88,2009-08-24T19:27:58.423Z,13
1556e43b-b89e-43ba-9226-0d2f39e6b4b8,2016-10-25T16:19:56.921Z,6
3a22f522-d1e3-45e2-8bbb-b2ef8d643850,2012-06-12T14:55:58.476Z,10
a6a4248b-3275-49e8-ab79-79c79087ad79,2010-03-08T13:45:52.042Z,12
1586719a-dba4-4f72-99ed-e933a9d4970a,2017-06-09T20:42:04.495Z,5
b93ef541-9fd5-47b0-9662-46e4d92b5153,2011-10-28T16:35:28.030Z,11
15d53b05-a00f-4aed-810b-a753527693a2,2003-06-25T23:19:23.943Z,19
dc4eee66-6016-494f-a719-cb64929fa34e,2009-09-21T14:11:46.276Z,13
9ef02ab7-c27b-4126-b831-74473f0c4d88,2018-11-25T14:56:50.679Z,4
bdb4b4fc-ae40-4117-a3de-c59bfa3eb3ef,2017-07-20T15:50:00.698Z,5
a6376eb1-cc75-4ebe-b6d4-22942dd22acc,2003-10-12T03:07:30.348Z,19
0c1b6f6a-d999-4988-866b-d98e2ebbe0cf,2015-01-18T15:14:52.839Z,7
de25f9f3-1716-4a17-9f6e-5f172f012941,2017-01-05T15:34:58.965Z,5
cfe7333f-d68d-4f1d-895a-b3d7b337837f,2004-10-18T09:47:35.291Z,18
208921b0-92a3-49ab-9dae-d553b1996d34,2017-09-29T06:00:09.577Z,5
30290479-f968-4053-b09a-0d49774066f8,2002-10-02T02:21:00.360Z,20
fb571cfb-4233-490e-82e6-6c075fb12783,2007-07-30T23:52:55.276Z,15
d3258710-9074-47b9-9bfe-578da91b868a,2004-01-12T03:52:40.089Z,18
f7303b85-f14c-47aa-9035-ca0eae9e78b0,2010-02-16T07:21:18.510Z,12
dc993a71-6375-4361-8082-ea0c1857676e,2013-11-11T01:15:04.897Z,9
0d914557-117f-4678-a449-e235bdc1c2b6,2002-12-15T19:51:22.582Z,20
dbf394c5-5780-4316-b6a4-0cfd2f4b23a6,2006-03-29T16:54:11.586Z,16
f7dc7ae4-d294-4047-bf30-6760cdf8cdc1,2015-11-04T23:06:30.652Z,7
fc7eb435-ba6c-45f3-84be-dacd721acdcf,2015-10-09T15:28:04.897Z,7
86f2db18-9a37-4100-8b22-8050a401acd1,2008-01-05T22:55:20.312Z,14
f95555ee-f0cc-4ec7-8746-f79b8e5d5c20,2013-04-12T13:04:46.453Z,9
51dc454b-bc79-40da-94bb-dd49a362b458,2012-09-11T05:46:17.765Z,10
597901ab-4bfe-40a9-a502-0c1bb67cf4ec,2003-07-02T22:46:41.560Z,19
fc05ff2d-9588-4143-85d1-9fec8e406878,2018-02-01T16:46:31.355Z,4
f0ba2ea3-ebf1-4fe4-9061-9da463e66075,2018-11-06T02:24:44.163Z,4
c39e2c7a-4bc7-4880-a236-59948b75af04,2010-05-21T23:01:25.175Z,12
394c72c9-41c3-4bd6-916b-3ae75669e525,2003-04-27T17:54:09.067Z,19
5749f5fb-2853-4b4d-899d-52a2cef07893,2008-08-19T10:52:22.035Z,14
f1c1685d-19cc-42a6-9055-965a54517a05,2016-01-26T10:27:53.949Z,6
ed70e60f-c278-49a7-9df8-eb7f7fe9a11c,2009-08-06T23:11:51.138Z,13
320b8087-0d88-4e98-972b-b42c4fbf1c03,2008-10-29T11:18:42.604Z,14
74912d61-d42b-49b1-8d34-7233f8a4b0ef,2016-09-26T21:07:08.822Z,6
00232f09-9d2d-4707-a5cd-4c8b2f70d172,2006-10-12T14:23:42.432Z,16
f58c1886-565f-40fe-93b9-cc3eb8ddf76b,2014-08-20T05:45:18.197Z,8
56594c90-ddf7-476e-be54-4cc306bc2998,2015-10-03T01:03:56.231Z,7
44169eb1-4acb-4eb2-a956-1c1b3a427499,2018-06-22T09:23:46.628Z,4
72c6cf80-c0cb-42b8-9381-47e9b58cf108,2017-11-26T10:58:25.701Z,5
f62bca21-af83-43db-9925-0f7023b521f3,2014-05-14T15:22:48.628Z,8
ee7fba3c-492f-44b4-8a81-8cdb2e6838ba,2008-03-03T22:57:38.323Z,14
6319ec57-d9e3-46ed-a694-14c88d1be0e2,2014-05-01T22:43:30.017Z,8
fafb1a50-fbc1-45e4-8568-cf3359ebe354,2007-04-05T09:13:18.658Z,15
8fde5e88-e63c-46af-930d-2e9ffb1142ac,2008-05-08T11:55:52.321Z,14
cdbc54fc-d7fd-4048-bc46-bc0284270915,2011-12-28T14:22:23.448Z,11
7808e57d-9f5e-42a7-aa8c-bae4639689be,2002-04-09T04:44:07.006Z,20
87d78c30-f773-4699-8eeb-cf735b79510c,2011-11-04T02:53:41.533Z,11
fdcc86d8-8bdc-4100-ab6b-979e247ea900,2007-11-08T20:27:57.182Z,15
c613580a-0500-4ff9-8f11-1dc9933c3948,2018-02-05T20:14:48.094Z,4
93e185f2-bc1e-4e5d-b4ef-6fa957e3e568,2017-01-28T12:03:59.058Z,5
1eaf184d-6675-4f65-891d-2bcaf87bd412,2014-07-03T02:58:26.020Z,8
4e2344b8-d06f-43bd-bc12-7d034576595d,2007-05-02T19:23:08.262Z,15
d34e9ba2-0c98-4464-861d-834ddfe49c3a,2014-02-20T07:37:43.183Z,8
b122f28b-44f5-490a-977f-a6ff3414babe,2005-05-17T13:26:41.926Z,17
b9ce28d5-14de-4298-898f-96a89300ea5d,2013-10-03T16:34:18.489Z,9
c928ba83-12f3-472c-bfef-0e8f997f77f3,2011-04-20T15:32:08.590Z,11
eb40937a-4399-4bb0-b35c-92317fb7354c,2007-06-20T17:52:11.089Z,15
f785ee75-b4c6-4148-912b-369d9141ebcd,2015-05-06T17:00:05.008Z,7
9e06acea-7bdc-4a9b-b42c-e24b684c9a8e,2015-06-26T13:25:13.432Z,7
d4279074-685b-4e65-ad93-d100442e5578,2016-03-07T11:10:21.900Z,6
b4bbb8a2-c8bd-462e-9fab-f93017fb6f90,2013-05-09T15:16:22.203Z,9
f84a5197-15f7-474b-99d1-106740cecd71,2005-05-20T05:48:41.226Z,17
8b3bde92-a994-4c56-9e18-c74890d02d5d,2010-10-06T04:13:34.249Z,12
04966da0-a3a6-44c0-b493-bdf91c965b1a,2012-02-10T10:01:47.064Z,10
f4e2f525-d2a8-4292-8467-d664e34cad70,2002-06-07T09:52:00.573Z,20
be583a88-19f3-40a3-92f3-d070559c6896,2013-08-02T09:01:58.125Z,9
5111e0cd-6e8f-4f05-87e6-79e38f4250f3,2003-06-23T18:06:09.863Z,19
c1df3b4d-9fca-4da4-b30a-cc221f9cd273,2009-03-12T01:20:32.397Z,13
6aa47f52-34b1-46b4-8bf7-0c41e7c4df75,2011-08-10T17:29:21.347Z,11
